PMID,Title,Authors,Citation,First Author,Journal/Book,Publication Year,Create Date,PMCID,NIHMS ID,DOI
"32834429","The structure and dynamics of multilayer networks","Boccaletti S, Bianconi G, Criado R, Del Genio CI, Gómez-Gardeñes J, Romance M, Sendiña-Nadal I, Wang Z, Zanin M.","Phys Rep. 2014 Nov 1;544(1):1-122. doi: 10.1016/j.physrep.2014.07.001. Epub 2014 Jul 10.","Boccaletti S","Phys Rep","2014","2020/08/25","PMC7332224","","10.1016/j.physrep.2014.07.001"
"7582203","Spatial heterogeneity, nonlinear dynamics and chaos in infectious diseases","Grenfell BT, Kleczkowski A, Gilligan CA, Bolker BM.","Stat Methods Med Res. 1995 Jun;4(2):160-83. doi: 10.1177/096228029500400205.","Grenfell BT","Stat Methods Med Res","1995","1995/06/01","","","10.1177/096228029500400205"
"25449734","Complex system modelling for veterinary epidemiology","Lanzas C, Chen S.","Prev Vet Med. 2015 Feb 1;118(2-3):207-14. doi: 10.1016/j.prevetmed.2014.09.012. Epub 2014 Oct 5.","Lanzas C","Prev Vet Med","2015","2014/12/03","","","10.1016/j.prevetmed.2014.09.012"
"37252396","Assessing complexity and dynamics in epidemics: geographical barriers and facilitators of foot-and-mouth disease dissemination","Hoogesteyn AL, Rivas AL, Smith SD, Fasina FO, Fair JM, Kosoy M.","Front Vet Sci. 2023 May 12;10:1149460. doi: 10.3389/fvets.2023.1149460. eCollection 2023.","Hoogesteyn AL","Front Vet Sci","2023","2023/05/30","PMC10213354","","10.3389/fvets.2023.1149460"
"28289255","Transmission dynamics: critical questions and challenges","Antonovics J.","Philos Trans R Soc Lond B Biol Sci. 2017 May 5;372(1719):20160087. doi: 10.1098/rstb.2016.0087.","Antonovics J","Philos Trans R Soc Lond B Biol Sci","2017","2017/03/15","PMC5352814","","10.1098/rstb.2016.0087"
"34802270","On some fundamental challenges in monitoring epidemics","Vasiliauskaite V, Antulov-Fantulin N, Helbing D.","Philos Trans A Math Phys Eng Sci. 2022 Jan 10;380(2214):20210117. doi: 10.1098/rsta.2021.0117. Epub 2021 Nov 22.","Vasiliauskaite V","Philos Trans A Math Phys Eng Sci","2022","2021/11/22","PMC8607144","","10.1098/rsta.2021.0117"
"37488160","Climate-driven marmot-plague dynamics in Mongolia and China","Xu L, Wang Q, Yang R, Ganbold D, Tsogbadrakh N, Dong K, Liu M, Altantogtokh D, Liu Q, Undrakhbold S, Boldgiv B, Liang W, Stenseth NC.","Sci Rep. 2023 Jul 24;13(1):11906. doi: 10.1038/s41598-023-38966-1.","Xu L","Sci Rep","2023","2023/07/24","PMC10366125","","10.1038/s41598-023-38966-1"
"28204593","Phylodynamic Inference across Epidemic Scales","Volz EM, Romero-Severson E, Leitner T.","Mol Biol Evol. 2017 May 1;34(5):1276-1288. doi: 10.1093/molbev/msx077.","Volz EM","Mol Biol Evol","2017","2017/02/17","PMC5400386","","10.1093/molbev/msx077"
"39376223","Nonlinear mixed models and related approaches in infectious disease modeling: A systematic and critical review","Adéoti OM, Agbla S, Diop A, Glèlè Kakaï R.","Infect Dis Model. 2024 Sep 18;10(1):110-128. doi: 10.1016/j.idm.2024.09.001. eCollection 2025 Mar.","Adéoti OM","Infect Dis Model","2024","2024/10/08","PMC11456789","","10.1016/j.idm.2024.09.001"
"32836803","SEIR modeling of the COVID-19 and its dynamics","He S, Peng Y, Sun K.","Nonlinear Dyn. 2020;101(3):1667-1680. doi: 10.1007/s11071-020-05743-y. Epub 2020 Jun 18.","He S","Nonlinear Dyn","2020","2020/08/25","PMC7301771","","10.1007/s11071-020-05743-y"
"37361005","Complexity of Government response to COVID-19 pandemic: a perspective of coupled dynamics on information heterogeneity and epidemic outbreak","Zhang X, Fu J, Hua S, Liang H, Zhang ZK.","Nonlinear Dyn. 2023 Apr 12:1-20. doi: 10.1007/s11071-023-08427-5. Online ahead of print.","Zhang X","Nonlinear Dyn","2023","2023/06/26","PMC10091349","","10.1007/s11071-023-08427-5"
"35968435","Hepatitis C virus risk among young people who inject drugs","Mateu-Gelabert P, Sabounchi NS, Guarino H, Ciervo C, Joseph K, Eckhardt BJ, Fong C, Kapadia SN, Huang TTK.","Front Public Health. 2022 Jul 29;10:835836. doi: 10.3389/fpubh.2022.835836. eCollection 2022.","Mateu-Gelabert P","Front Public Health","2022","2022/08/15","PMC9372473","","10.3389/fpubh.2022.835836"
"31401955","Dose-response and transmission: the nexus between reservoir hosts, environment and recipient hosts","Lunn TJ, Restif O, Peel AJ, Munster VJ, de Wit E, Sokolow S, van Doremalen N, Hudson P, McCallum H.","Philos Trans R Soc Lond B Biol Sci. 2019 Sep 30;374(1782):20190016. doi: 10.1098/rstb.2019.0016. Epub 2019 Aug 12.","Lunn TJ","Philos Trans R Soc Lond B Biol Sci","2019","2019/08/13","PMC6711301","","10.1098/rstb.2019.0016"
"31387486","Incorporating household structure and demography into models of endemic disease","Hilton J, Keeling MJ.","J R Soc Interface. 2019 Aug 30;16(157):20190317. doi: 10.1098/rsif.2019.0317. Epub 2019 Aug 7.","Hilton J","J R Soc Interface","2019","2019/08/08","PMC6731502","","10.1098/rsif.2019.0317"
"35366223","Chaos Structure and Contagion Behavior between COVID-19, and the Returns of Prices of Precious Metals and Oil: MS-GARCH-MLP Copula","Bildirici ME.","Nonlinear Dynamics Psychol Life Sci. 2022 Apr;26(2):209-230.","Bildirici ME","Nonlinear Dynamics Psychol Life Sci","2022","2022/04/02","","",""
"34108820","Nonlinear control of infection spread based on a deterministic SEIR model","Piccirillo V.","Chaos Solitons Fractals. 2021 Aug;149:111051. doi: 10.1016/j.chaos.2021.111051. Epub 2021 Jun 5.","Piccirillo V","Chaos Solitons Fractals","2021","2021/06/10","PMC8179022","","10.1016/j.chaos.2021.111051"
"34118731","Nonlinear dynamics for the spread of pathogenesis of COVID-19 pandemic","Sharma SK, Bangia A, Alshehri M, Bhardwaj R.","J Infect Public Health. 2021 Jul;14(7):817-831. doi: 10.1016/j.jiph.2021.04.001. Epub 2021 Apr 20.","Sharma SK","J Infect Public Health","2021","2021/06/12","PMC8056826","","10.1016/j.jiph.2021.04.001"
"37304191","Dynamics and profiles of a degenerated reaction-diffusion host-pathogen model with apparent and inapparent infection period","Wang J, Lu H.","Commun Nonlinear Sci Numer Simul. 2023 Oct;125:107318. doi: 10.1016/j.cnsns.2023.107318. Epub 2023 May 27.","Wang J","Commun Nonlinear Sci Numer Simul","2023","2023/06/12","PMC10219677","","10.1016/j.cnsns.2023.107318"
"1462652","Evaluating measures to control intestinal parasitic infections","Bundy DA, Hall A, Medley GF, Savioli L.","World Health Stat Q. 1992;45(2-3):168-79.","Bundy DA","World Health Stat Q","1992","1992/01/01","","",""
"37285385","Dengue transmission dynamics prediction by combining metapopulation networks and Kalman filter algorithm","Zeng Q, Yu X, Ni H, Xiao L, Xu T, Wu H, Chen Y, Deng H, Zhang Y, Pei S, Xiao J, Guo P.","PLoS Negl Trop Dis. 2023 Jun 7;17(6):e0011418. doi: 10.1371/journal.pntd.0011418. eCollection 2023 Jun.","Zeng Q","PLoS Negl Trop Dis","2023","2023/06/07","PMC10281582","","10.1371/journal.pntd.0011418"
"35778153","A generic model for pandemics in networks of communities and the role of vaccination","Antonopoulos CG, Akrami MH, Basios V, Latifi A.","Chaos. 2022 Jun;32(6):063127. doi: 10.1063/5.0082002.","Antonopoulos CG","Chaos","2022","2022/07/01","","","10.1063/5.0082002"
"37361007","A minimal model for adaptive SIS epidemics","Achterberg MA, Sensi M.","Nonlinear Dyn. 2023 May 6:1-14. doi: 10.1007/s11071-023-08498-4. Online ahead of print.","Achterberg MA","Nonlinear Dyn","2023","2023/06/26","PMC10163586","","10.1007/s11071-023-08498-4"
"34240944","Simplicial SIRS epidemic models with nonlinear incidence rates","Wang D, Zhao Y, Luo J, Leng H.","Chaos. 2021 May;31(5):053112. doi: 10.1063/5.0040518.","Wang D","Chaos","2021","2021/07/09","","","10.1063/5.0040518"
"33551132","Analysis and prediction of COVID-19 epidemic in South Africa","Ding W, Wang QG, Zhang JX.","ISA Trans. 2022 May;124:182-190. doi: 10.1016/j.isatra.2021.01.050. Epub 2021 Jan 28.","Ding W","ISA Trans","2022","2021/02/08","PMC7842146","","10.1016/j.isatra.2021.01.050"
"37361002","A stochastic agent-based model to evaluate COVID-19 transmission influenced by human mobility","Chen K, Jiang X, Li Y, Zhou R.","Nonlinear Dyn. 2023 Apr 29:1-17. doi: 10.1007/s11071-023-08489-5. Online ahead of print.","Chen K","Nonlinear Dyn","2023","2023/06/26","PMC10148626","","10.1007/s11071-023-08489-5"
"32904911","Understanding COVID-19 nonlinear multi-scale dynamic spreading in Italy","Quaranta G, Formica G, Machado JT, Lacarbonara W, Masri SF.","Nonlinear Dyn. 2020;101(3):1583-1619. doi: 10.1007/s11071-020-05902-1. Epub 2020 Sep 1.","Quaranta G","Nonlinear Dyn","2020","2020/09/09","PMC7459158","","10.1007/s11071-020-05902-1"
"29049371","Combining epidemiology with basic biology of sand flies, parasites, and hosts to inform leishmaniasis transmission dynamics and control","Courtenay O, Peters NC, Rogers ME, Bern C.","PLoS Pathog. 2017 Oct 19;13(10):e1006571. doi: 10.1371/journal.ppat.1006571. eCollection 2017 Oct.","Courtenay O","PLoS Pathog","2017","2017/10/20","PMC5648254","","10.1371/journal.ppat.1006571"
"20627141","The Regional Network for Asian Schistosomiasis and Other Helminth Zoonoses (RNAS(+)) target diseases in face of climate change","Yang GJ, Utzinger J, Lv S, Qian YJ, Li SZ, Wang Q, Bergquist R, Vounatsou P, Li W, Yang K, Zhou XN.","Adv Parasitol. 2010;73:101-35. doi: 10.1016/S0065-308X(10)73005-0.","Yang GJ","Adv Parasitol","2010","2010/07/15","","","10.1016/S0065-308X(10)73005-0"
"37766320","Nonlinear and Multidelayed Effects of Meteorological Drivers on Human Respiratory Syncytial Virus Infection in Japan","Wagatsuma K, Koolhof IS, Saito R.","Viruses. 2023 Sep 12;15(9):1914. doi: 10.3390/v15091914.","Wagatsuma K","Viruses","2023","2023/09/28","PMC10535838","","10.3390/v15091914"
"24641968","Cyclic variations in the dynamics of flu incidence in Azerbaijan, 1976-2000","Dimitrov BD, Babayev ES.","Epidemiol Infect. 2015 Jan;143(1):13-22. doi: 10.1017/S095026881400048X. Epub 2014 Mar 18.","Dimitrov BD","Epidemiol Infect","2015","2014/03/20","PMC9206778","","10.1017/S095026881400048X"
"35700170","Dynamical intervention planning against COVID-19-like epidemics","Oliva G, Schlueter M, Munetomo M, Scala A.","PLoS One. 2022 Jun 14;17(6):e0269830. doi: 10.1371/journal.pone.0269830. eCollection 2022.","Oliva G","PLoS One","2022","2022/06/14","PMC9197046","","10.1371/journal.pone.0269830"
"37205641","Combined impacts of environmental and socioeconomic covariates on HFMD risk in China: A spatiotemporal heterogeneous perspective","Li CH, Mao JJ, Wu YJ, Zhang B, Zhuang X, Qin G, Liu HM.","PLoS Negl Trop Dis. 2023 May 19;17(5):e0011286. doi: 10.1371/journal.pntd.0011286. eCollection 2023 May.","Li CH","PLoS Negl Trop Dis","2023","2023/05/19","PMC10198510","","10.1371/journal.pntd.0011286"
"29030543","Counteracting structural errors in ensemble forecast of influenza outbreaks","Pei S, Shaman J.","Nat Commun. 2017 Oct 13;8(1):925. doi: 10.1038/s41467-017-01033-1.","Pei S","Nat Commun","2017","2017/10/15","PMC5640637","","10.1038/s41467-017-01033-1"
"37561207","Natural and socio-environmental factors contribute to the transmissibility of COVID-19: evidence from an improved SEIR model","Li J, Jia K, Zhao W, Yuan B, Liu Y.","Int J Biometeorol. 2023 Nov;67(11):1789-1802. doi: 10.1007/s00484-023-02539-8. Epub 2023 Aug 10.","Li J","Int J Biometeorol","2023","2023/08/10","","","10.1007/s00484-023-02539-8"
"34314731","Heterogeneity in susceptibility dictates the order of epidemic models","Rose C, Medford AJ, Goldsmith CF, Vegge T, Weitz JS, Peterson AA.","J Theor Biol. 2021 Nov 7;528:110839. doi: 10.1016/j.jtbi.2021.110839. Epub 2021 Jul 24.","Rose C","J Theor Biol","2021","2021/07/27","","","10.1016/j.jtbi.2021.110839"
"33855036","The Quest for System-Theoretical Medicine in the COVID-19 Era","Tretter F, Wolkenhauer O, Meyer-Hermann M, Dietrich JW, Green S, Marcum J, Weckwerth W.","Front Med (Lausanne). 2021 Mar 29;8:640974. doi: 10.3389/fmed.2021.640974. eCollection 2021.","Tretter F","Front Med (Lausanne)","2021","2021/04/15","PMC8039135","","10.3389/fmed.2021.640974"
"34412892","Linear and non-linear dynamics of the epidemics: System identification based parametric prediction models for the pandemic outbreaks","Tutsoy O, Polat A.","ISA Trans. 2022 May;124:90-102. doi: 10.1016/j.isatra.2021.08.008. Epub 2021 Aug 9.","Tutsoy O","ISA Trans","2022","2021/08/20","PMC8349905","","10.1016/j.isatra.2021.08.008"
"24743590","Phylodynamic inference for structured epidemiological models","Rasmussen DA, Volz EM, Koelle K.","PLoS Comput Biol. 2014 Apr 17;10(4):e1003570. doi: 10.1371/journal.pcbi.1003570. eCollection 2014 Apr.","Rasmussen DA","PLoS Comput Biol","2014","2014/04/19","PMC3990497","","10.1371/journal.pcbi.1003570"
"37361006","Information-epidemic co-evolution propagation under policy intervention in multiplex networks","Yin Q, Wang Z, Xia C.","Nonlinear Dyn. 2023 Jun 8:1-13. doi: 10.1007/s11071-023-08581-w. Online ahead of print.","Yin Q","Nonlinear Dyn","2023","2023/06/26","PMC10250073","","10.1007/s11071-023-08581-w"
"39146634","Machine learning investigation of tuberculosis with medicine immunity impact","Qureshi H, Shah Z, Raja MAZ, Alshahrani MY, Khan WA, Shoaib M.","Diagn Microbiol Infect Dis. 2024 Nov;110(3):116472. doi: 10.1016/j.diagmicrobio.2024.116472. Epub 2024 Aug 4.","Qureshi H","Diagn Microbiol Infect Dis","2024","2024/08/15","","","10.1016/j.diagmicrobio.2024.116472"
"37758765","A computational stochastic procedure for solving the epidemic breathing transmission system","AbuAli N, Khan MB, Sabir Z.","Sci Rep. 2023 Sep 27;13(1):16220. doi: 10.1038/s41598-023-43324-2.","AbuAli N","Sci Rep","2023","2023/09/27","PMC10533895","","10.1038/s41598-023-43324-2"
"36719726","Gastroenteritis Forecasting Assessing the Use of Web and Electronic Health Record Data With a Linear and a Nonlinear Approach: Comparison Study","Poirier C, Bouzillé G, Bertaud V, Cuggia M, Santillana M, Lavenu A.","JMIR Public Health Surveill. 2023 Jan 31;9:e34982. doi: 10.2196/34982.","Poirier C","JMIR Public Health Surveill","2023","2023/01/31","PMC9929730","","10.2196/34982"
"32251916","Numerical modeling and theoretical analysis of a nonlinear advection-reaction epidemic system","Azam S, Macías-Díaz JE, Ahmed N, Khan I, Iqbal MS, Rafiq M, Nisar KS, Ahmad MO.","Comput Methods Programs Biomed. 2020 Sep;193:105429. doi: 10.1016/j.cmpb.2020.105429. Epub 2020 Mar 9.","Azam S","Comput Methods Programs Biomed","2020","2020/04/07","","","10.1016/j.cmpb.2020.105429"
"38668894","An immuno-epidemiological model with waning immunity after infection or vaccination","Angelov G, Kovacevic R, Stilianakis NI, Veliov VM.","J Math Biol. 2024 Apr 26;88(6):71. doi: 10.1007/s00285-024-02090-z.","Angelov G","J Math Biol","2024","2024/04/26","PMC11052727","","10.1007/s00285-024-02090-z"
"29390617","Estimating epidemic arrival times using linear spreading theory","Chen LM, Holzer M, Shapiro A.","Chaos. 2018 Jan;28(1):013105. doi: 10.1063/1.5002009.","Chen LM","Chaos","2018","2018/02/03","","","10.1063/1.5002009"
"10557151","Population structure of pathogens: the role of immune selection","Gupta S, Anderson RM.","Parasitol Today. 1999 Dec;15(12):497-501. doi: 10.1016/s0169-4758(99)01559-8.","Gupta S","Parasitol Today","1999","1999/11/11","","","10.1016/s0169-4758(99)01559-8"
"35324592","The Geographical Distribution and Influencing Factors of COVID-19 in China","Li W, Zhang P, Zhao K, Zhao S.","Trop Med Infect Dis. 2022 Mar 6;7(3):45. doi: 10.3390/tropicalmed7030045.","Li W","Trop Med Infect Dis","2022","2022/03/24","PMC8949350","","10.3390/tropicalmed7030045"
"35431376","Dynamical Behavior of SEIR-SVS Epidemic Models with Nonlinear Incidence and Vaccination","Feng XM, Liu LL, Zhang FQ.","Acta Math Appl Sin. 2022;38(2):282-303. doi: 10.1007/s10255-022-1075-7. Epub 2022 Apr 9.","Feng XM","Acta Math Appl Sin","2022","2022/04/18","PMC8994021","","10.1007/s10255-022-1075-7"
"37547261","Qualitative analysis of a reaction-diffusion SIRS epidemic model with nonlinear incidence rate and partial immunity","Wang J, Teng Z, Dai B.","Infect Dis Model. 2023 Jul 17;8(3):881-911. doi: 10.1016/j.idm.2023.07.006. eCollection 2023 Sep.","Wang J","Infect Dis Model","2023","2023/08/07","PMC10400866","","10.1016/j.idm.2023.07.006"
"34550966","Incorporating metadata in HIV transmission network reconstruction: A machine learning feasibility assessment","Mazrouee S, Little SJ, Wertheim JO.","PLoS Comput Biol. 2021 Sep 22;17(9):e1009336. doi: 10.1371/journal.pcbi.1009336. eCollection 2021 Sep.","Mazrouee S","PLoS Comput Biol","2021","2021/09/22","PMC8457453","","10.1371/journal.pcbi.1009336"
"38722910","How do host population dynamics impact Lyme disease risk dynamics in theoretical models?","Savage JDT, Moore CM.","PLoS One. 2024 May 9;19(5):e0302874. doi: 10.1371/journal.pone.0302874. eCollection 2024.","Savage JDT","PLoS One","2024","2024/05/09","PMC11081252","","10.1371/journal.pone.0302874"
"33465065","Disease-driven reduction in human mobility influences human-mosquito contacts and dengue transmission dynamics","Schaber KL, Perkins TA, Lloyd AL, Waller LA, Kitron U, Paz-Soldan VA, Elder JP, Rothman AL, Civitello DJ, Elson WH, Morrison AC, Scott TW, Vazquez-Prokopec GM.","PLoS Comput Biol. 2021 Jan 19;17(1):e1008627. doi: 10.1371/journal.pcbi.1008627. eCollection 2021 Jan.","Schaber KL","PLoS Comput Biol","2021","2021/01/19","PMC7845972","","10.1371/journal.pcbi.1008627"
"39027393","Recurrent neural network for the dynamics of Zika virus spreading","Nisar KS, Anjum MW, Raja MAZ, Shoaib M.","AIMS Public Health. 2024 Apr 2;11(2):432-458. doi: 10.3934/publichealth.2024022. eCollection 2024.","Nisar KS","AIMS Public Health","2024","2024/07/19","PMC11252581","","10.3934/publichealth.2024022"
"23339988","Cyclic patterns of cerebral malaria admissions in Papua New Guinea for the years 1987-1996","Dimitrov BD, Valev D, Werner R, Atanassova PA.","Epidemiol Infect. 2013 Nov;141(11):2317-27. doi: 10.1017/S0950268812003111. Epub 2013 Jan 23.","Dimitrov BD","Epidemiol Infect","2013","2013/01/24","PMC9151442","","10.1017/S0950268812003111"
"11797861","New data and tools for integrating discrete and continuous population modeling strategies","Koopman JS, Jacquez G, Chick SE.","Ann N Y Acad Sci. 2001 Dec;954:268-94. doi: 10.1111/j.1749-6632.2001.tb02756.x.","Koopman JS","Ann N Y Acad Sci","2001","2002/01/19","","","10.1111/j.1749-6632.2001.tb02756.x"
"38155754","Temporally Local Maximum Likelihood with Application to SIS Model","Gourieroux C, Jasiak J.","J Time Ser Econom. 2023 Mar 7;15(2):151-198. doi: 10.1515/jtse-2022-0016. eCollection 2023 Jul.","Gourieroux C","J Time Ser Econom","2023","2023/12/29","PMC10752238","","10.1515/jtse-2022-0016"
"33840897","Age-structured SIR model and resource growth dynamics: a COVID-19 study","Babajanyan SG, Cheong KH.","Nonlinear Dyn. 2021;104(3):2853-2864. doi: 10.1007/s11071-021-06384-5. Epub 2021 Apr 5.","Babajanyan SG","Nonlinear Dyn","2021","2021/04/12","PMC8019692","","10.1007/s11071-021-06384-5"
"33639138","Reacting to outbreaks at neighboring localities","Eksin C, Ndeffo-Mbah M, Weitz JS.","J Theor Biol. 2021 Jul 7;520:110632. doi: 10.1016/j.jtbi.2021.110632. Epub 2021 Feb 25.","Eksin C","J Theor Biol","2021","2021/02/27","PMC7904447","","10.1016/j.jtbi.2021.110632"
"38417659","Towards development of functional climate-driven early warning systems for climate-sensitive infectious diseases: Statistical models and recommendations","Haque S, Mengersen K, Barr I, Wang L, Yang W, Vardoulakis S, Bambrick H, Hu W.","Environ Res. 2024 May 15;249:118568. doi: 10.1016/j.envres.2024.118568. Epub 2024 Feb 28.","Haque S","Environ Res","2024","2024/02/28","","","10.1016/j.envres.2024.118568"
"35877686","Examining the impact of ICU population interaction structure on modeled colonization dynamics of Staphylococcus aureus","Mietchen MS, Short CT, Samore M, Lofgren ET; CDC Modeling Infectious Diseases in Healthcare Program (MInD-Healthcare).","PLoS Comput Biol. 2022 Jul 25;18(7):e1010352. doi: 10.1371/journal.pcbi.1010352. eCollection 2022 Jul.","Mietchen MS","PLoS Comput Biol","2022","2022/07/25","PMC9352208","","10.1371/journal.pcbi.1010352"
"35073983","Over-dispersed Trypanosoma cruzi parasite load in sylvatic and domestic mammals and humans from northeastern Argentina","Enriquez GF, Bua J, Orozco MM, Macchiaverna NP, Otegui JAA, Argibay HD, Fernández MDP, Gürtler RE, Cardinal MV.","Parasit Vectors. 2022 Jan 24;15(1):37. doi: 10.1186/s13071-022-05152-7.","Enriquez GF","Parasit Vectors","2022","2022/01/25","PMC8785451","","10.1186/s13071-022-05152-7"
"35624510","System dynamic modelling of healthcare associated influenza -a tool for infection control","Sansone M, Holmstrom P, Hallberg S, Nordén R, Andersson LM, Westin J.","BMC Health Serv Res. 2022 May 27;22(1):709. doi: 10.1186/s12913-022-07959-7.","Sansone M","BMC Health Serv Res","2022","2022/05/27","PMC9136787","","10.1186/s12913-022-07959-7"
"38570524","A rigorous theoretical and numerical analysis of a nonlinear reaction-diffusion epidemic model pertaining dynamics of COVID-19","Wang L, Khan AA, Ullah S, Haider N, AlQahtani SA, Saqib AB.","Sci Rep. 2024 Apr 4;14(1):7902. doi: 10.1038/s41598-024-56469-5.","Wang L","Sci Rep","2024","2024/04/03","PMC10991520","","10.1038/s41598-024-56469-5"
"38010552","Characterization of differential susceptibility and differential infectivity epidemic models","Bichara DM.","J Math Biol. 2023 Nov 27;88(1):3. doi: 10.1007/s00285-023-02023-2.","Bichara DM","J Math Biol","2023","2023/11/27","","","10.1007/s00285-023-02023-2"
"11690063","Epidemic spread and bifurcation effects in two-dimensional network models with viral dynamics","Tuckwell HC, Toubiana L, Vibert JF.","Phys Rev E Stat Nonlin Soft Matter Phys. 2001 Oct;64(4 Pt 1):041918. doi: 10.1103/PhysRevE.64.041918. Epub 2001 Sep 26.","Tuckwell HC","Phys Rev E Stat Nonlin Soft Matter Phys","2001","2001/11/03","","","10.1103/PhysRevE.64.041918"
"12887036","Spatial and temporal heterogeneity of Anopheles mosquitoes and Plasmodium falciparum transmission along the Kenyan coast","Mbogo CM, Mwangangi JM, Nzovu J, Gu W, Yan G, Gunter JT, Swalm C, Keating J, Regens JL, Shililu JI, Githure JI, Beier JC.","Am J Trop Med Hyg. 2003 Jun;68(6):734-42.","Mbogo CM","Am J Trop Med Hyg","2003","2003/07/31","","",""
"25814495","Turning the tide or riding the waves? Impacts of antibiotic stewardship and infection control on MRSA strain dynamics in a Scottish region over 16 years: non-linear time series analysis","Lawes T, López-Lozano JM, Nebot C, Macartney G, Subbarao-Sharma R, Dare CR, Edwards GF, Gould IM.","BMJ Open. 2015 Mar 26;5(3):e006596. doi: 10.1136/bmjopen-2014-006596.","Lawes T","BMJ Open","2015","2015/03/28","PMC4386222","","10.1136/bmjopen-2014-006596"
"35573466","On the economic growth equilibria during the Covid-19 pandemic","Bischi GI, Grassetti F, Sanchez Carrera EJ.","Commun Nonlinear Sci Numer Simul. 2022 Sep;112:106573. doi: 10.1016/j.cnsns.2022.106573. Epub 2022 May 11.","Bischi GI","Commun Nonlinear Sci Numer Simul","2022","2022/05/16","PMC9091065","","10.1016/j.cnsns.2022.106573"
"35901053","Quantitative interpretation of Sedia LAg Assay test results after HIV diagnosis","Sempa JB, Grebe E, Welte A.","PLoS One. 2022 Jul 28;17(7):e0271763. doi: 10.1371/journal.pone.0271763. eCollection 2022.","Sempa JB","PLoS One","2022","2022/07/28","PMC9333292","","10.1371/journal.pone.0271763"
"30501210","Effect of time varying transmission rates on the coupled dynamics of epidemic and awareness over a multiplex network","Sagar V, Zhao Y, Sen A.","Chaos. 2018 Nov;28(11):113125. doi: 10.1063/1.5042575.","Sagar V","Chaos","2018","2018/12/04","","","10.1063/1.5042575"
"37457645","A nonlinear relapse model with disaggregated contact rates: Analysis of a forward-backward bifurcation","Calvo-Monge J, Sanchez F, Calvo JG, Mena D.","Infect Dis Model. 2023 Jun 30;8(3):769-782. doi: 10.1016/j.idm.2023.06.004. eCollection 2023 Sep.","Calvo-Monge J","Infect Dis Model","2023","2023/07/17","PMC10344666","","10.1016/j.idm.2023.06.004"
"29722041","Independence screening for high dimensional nonlinear additive ODE models with applications to dynamic gene regulatory networks","Xue H, Wu S, Wu Y, Ramirez Idarraga JC, Wu H.","Stat Med. 2018 Jul 30;37(17):2630-2644. doi: 10.1002/sim.7669. Epub 2018 May 2.","Xue H","Stat Med","2018","2018/05/04","PMC6940146","NIHMS1050616","10.1002/sim.7669"
"39570994","Deep neural networks for endemic measles dynamics: Comparative analysis and integration with mechanistic models","Madden WG, Jin W, Lopman B, Zufle A, Dalziel B, E Metcalf CJ, Grenfell BT, Lau MSY.","PLoS Comput Biol. 2024 Nov 21;20(11):e1012616. doi: 10.1371/journal.pcbi.1012616. Online ahead of print.","Madden WG","PLoS Comput Biol","2024","2024/11/21","","","10.1371/journal.pcbi.1012616"
"29696599","Multi-stage Vector-Borne Zoonoses Models: A Global Analysis","Bichara D, Iggidr A, Smith L.","Bull Math Biol. 2018 Jul;80(7):1810-1848. doi: 10.1007/s11538-018-0435-1. Epub 2018 Apr 25.","Bichara D","Bull Math Biol","2018","2018/04/27","","","10.1007/s11538-018-0435-1"
"18841421","A multi-type HPV transmission model","Elbasha EH, Dasbach EJ, Insinga RP.","Bull Math Biol. 2008 Nov;70(8):2126-76. doi: 10.1007/s11538-008-9338-x. Epub 2008 Oct 8.","Elbasha EH","Bull Math Biol","2008","2008/10/09","","","10.1007/s11538-008-9338-x"
"24626088","The rise and fall of HIV in high-prevalence countries: a challenge for mathematical modeling","Nagelkerke NJ, Arora P, Jha P, Williams B, McKinnon L, de Vlas SJ.","PLoS Comput Biol. 2014 Mar 13;10(3):e1003459. doi: 10.1371/journal.pcbi.1003459. eCollection 2014 Mar.","Nagelkerke NJ","PLoS Comput Biol","2014","2014/03/15","PMC3952813","","10.1371/journal.pcbi.1003459"
"35276575","A global report on the dynamics of COVID-19 with quarantine and hospitalization: A fractional order model with non-local kernel","Ahmad Z, El-Kafrawy SA, Alandijany TA, Giannino F, Mirza AA, El-Daly MM, Faizo AA, Bajrai LH, Kamal MA, Azhar EI.","Comput Biol Chem. 2022 Jun;98:107645. doi: 10.1016/j.compbiolchem.2022.107645. Epub 2022 Feb 19.","Ahmad Z","Comput Biol Chem","2022","2022/03/11","PMC8857780","","10.1016/j.compbiolchem.2022.107645"
"36404425","A queueing Network approach for capacity planning and patient Scheduling: A case study for the COVID-19 vaccination process in Colombia","Franco C, Herazo-Padilla N, Castañeda JA.","Vaccine. 2022 Nov 22;40(49):7073-7086. doi: 10.1016/j.vaccine.2022.09.079. Epub 2022 Oct 3.","Franco C","Vaccine","2022","2022/11/21","PMC9527200","","10.1016/j.vaccine.2022.09.079"
"37495630","A numerical study of spatio-temporal COVID-19 vaccine model via finite-difference operator-splitting and meshless techniques","Khan AA, Ullah S, Altanji M, Amin R, Haider N, Alshehri A, Riaz MB.","Sci Rep. 2023 Jul 26;13(1):12108. doi: 10.1038/s41598-023-38925-w.","Khan AA","Sci Rep","2023","2023/07/26","PMC10372105","","10.1038/s41598-023-38925-w"
"33531729","Social media effectiveness as a humanitarian response to mitigate influenza epidemic and COVID-19 pandemic","Kumar S, Xu C, Ghildayal N, Chandra C, Yang M.","Ann Oper Res. 2022;319(1):823-851. doi: 10.1007/s10479-021-03955-y. Epub 2021 Jan 29.","Kumar S","Ann Oper Res","2022","2021/02/03","PMC7843901","","10.1007/s10479-021-03955-y"
"36896546","Global investigation for an ""SIS"" model for COVID-19 epidemic with asymptomatic infection","Alharbi MH.","Math Biosci Eng. 2023 Jan 11;20(3):5298-5315. doi: 10.3934/mbe.2023245.","Alharbi MH","Math Biosci Eng","2023","2023/03/10","","","10.3934/mbe.2023245"
"31698706","Rotavirus Seasonality: An Application of Singular Spectrum Analysis and Polyharmonic Modeling","Alsova OK, Loktev VB, Naumova EN.","Int J Environ Res Public Health. 2019 Nov 6;16(22):4309. doi: 10.3390/ijerph16224309.","Alsova OK","Int J Environ Res Public Health","2019","2019/11/09","PMC6888479","","10.3390/ijerph16224309"
"39227742","Analysis of the epidemiological characteristics and influencing factors of tuberculosis among students in a large province of China, 2008-2018","Yu S, Pan Y, Chen Q, Liu Q, Wang J, Rui J, Guo Y, Gavotte L, Zhao Q, Frutos R, Xu M, Pu D, Chen T.","Sci Rep. 2024 Sep 3;14(1):20472. doi: 10.1038/s41598-024-71720-9.","Yu S","Sci Rep","2024","2024/09/03","PMC11372133","","10.1038/s41598-024-71720-9"
"33247174","Variation in microparasite free-living survival and indirect transmission can modulate the intensity of emerging outbreaks","Ogbunugafor CB, Miller-Dickson MD, Meszaros VA, Gomez LM, Murillo AL, Scarpino SV.","Sci Rep. 2020 Nov 27;10(1):20786. doi: 10.1038/s41598-020-77048-4.","Ogbunugafor CB","Sci Rep","2020","2020/11/28","PMC7695845","","10.1038/s41598-020-77048-4"
"39163534","Projected Public Health Impact of a Universal Rotavirus Vaccination Program in France","Oluwaseun S, Cagnan L, Xausa I, Nachbar RB, Levy Bachelot L, Chen YH, Carias C.","Pediatr Infect Dis J. 2024 Sep 1;43(9):902-908. doi: 10.1097/INF.0000000000004448. Epub 2024 Jun 25.","Oluwaseun S","Pediatr Infect Dis J","2024","2024/08/20","PMC11319077","","10.1097/INF.0000000000004448"
"27627337","Effects of distribution of infection rate on epidemic models","Lachiany M, Louzoun Y.","Phys Rev E. 2016 Aug;94(2-1):022409. doi: 10.1103/PhysRevE.94.022409. Epub 2016 Aug 11.","Lachiany M","Phys Rev E","2016","2016/09/15","PMC7088461","","10.1103/PhysRevE.94.022409"
"29941567","Disease outbreak thresholds emerge from interactions between movement behavior, landscape structure, and epidemiology","White LA, Forester JD, Craft ME.","Proc Natl Acad Sci U S A. 2018 Jul 10;115(28):7374-7379. doi: 10.1073/pnas.1801383115. Epub 2018 Jun 25.","White LA","Proc Natl Acad Sci U S A","2018","2018/06/27","PMC6048514","","10.1073/pnas.1801383115"
"35691964","Generating function approach to the effective degree SIR model","Ibrahim S, Ma J, Manke K.","J Math Biol. 2022 Jun 12;84(7):59. doi: 10.1007/s00285-022-01764-w.","Ibrahim S","J Math Biol","2022","2022/06/12","","","10.1007/s00285-022-01764-w"
"36035014","Coevolving spreading dynamics of negative information and epidemic on multiplex networks","Chen J, Liu Y, Yue J, Duan X, Tang M.","Nonlinear Dyn. 2022;110(4):3881-3891. doi: 10.1007/s11071-022-07776-x. Epub 2022 Aug 23.","Chen J","Nonlinear Dyn","2022","2022/08/29","PMC9395805","","10.1007/s11071-022-07776-x"
"27622812","Vector-borne diseases models with residence times - A Lagrangian perspective","Bichara D, Castillo-Chavez C.","Math Biosci. 2016 Nov;281:128-138. doi: 10.1016/j.mbs.2016.09.006. Epub 2016 Sep 10.","Bichara D","Math Biosci","2016","2016/09/14","","","10.1016/j.mbs.2016.09.006"
"31009031","Duration of Immunity and Effectiveness of Diphtheria-Tetanus-Acellular Pertussis Vaccines in Children","Domenech de Cellès M, Rohani P, King AA.","JAMA Pediatr. 2019 Jun 1;173(6):588-594. doi: 10.1001/jamapediatrics.2019.0711.","Domenech de Cellès M","JAMA Pediatr","2019","2019/04/23","PMC6547082","","10.1001/jamapediatrics.2019.0711"
"34483481","Stability behavior of a two-susceptibility SHIR epidemic model with time delay in complex networks","Guan G, Guo Z.","Nonlinear Dyn. 2021;106(1):1083-1110. doi: 10.1007/s11071-021-06804-6. Epub 2021 Aug 30.","Guan G","Nonlinear Dyn","2021","2021/09/06","PMC8404413","","10.1007/s11071-021-06804-6"
"33610034","A stochastic numerical analysis based on hybrid NAR-RBFs networks nonlinear SITR model for novel COVID-19 dynamics","Shoaib M, Raja MAZ, Sabir MT, Bukhari AH, Alrabaiah H, Shah Z, Kumam P, Islam S.","Comput Methods Programs Biomed. 2021 Apr;202:105973. doi: 10.1016/j.cmpb.2021.105973. Epub 2021 Feb 7.","Shoaib M","Comput Methods Programs Biomed","2021","2021/02/20","PMC7868062","","10.1016/j.cmpb.2021.105973"
"32315586","Coexisting attractors in the context of cross-scale population dynamics: measles in London as a case study","Becker AD, Zhou SH, Wesolowski A, Grenfell BT.","Proc Biol Sci. 2020 Apr 29;287(1925):20191510. doi: 10.1098/rspb.2019.1510. Epub 2020 Apr 22.","Becker AD","Proc Biol Sci","2020","2020/04/22","PMC7211440","","10.1098/rspb.2019.1510"
"25084561","Impact of meteorological factors on the spatiotemporal patterns of dengue fever incidence","Chien LC, Yu HL.","Environ Int. 2014 Dec;73:46-56. doi: 10.1016/j.envint.2014.06.018. Epub 2014 Jul 31.","Chien LC","Environ Int","2014","2014/08/02","","","10.1016/j.envint.2014.06.018"
"39571338","Dynamic evolution analysis and parameter optimization design of data-driven network infectious disease model","Zhu L, Chen S, Shen S.","Comput Methods Programs Biomed. 2025 Jan;258:108509. doi: 10.1016/j.cmpb.2024.108509. Epub 2024 Nov 17.","Zhu L","Comput Methods Programs Biomed","2025","2024/11/21","","","10.1016/j.cmpb.2024.108509"
"32288419","Epidemic spreading on hierarchical geographical networks with mobile agents","Han XP, Zhao ZD, Hadzibeganovic T, Wang BH.","Commun Nonlinear Sci Numer Simul. 2014 May;19(5):1301-1312. doi: 10.1016/j.cnsns.2013.09.002. Epub 2013 Sep 13.","Han XP","Commun Nonlinear Sci Numer Simul","2014","2020/04/15","PMC7129035","","10.1016/j.cnsns.2013.09.002"
"17668212","SIR dynamics in random networks with heterogeneous connectivity","Volz E.","J Math Biol. 2008 Mar;56(3):293-310. doi: 10.1007/s00285-007-0116-4. Epub 2007 Aug 1.","Volz E","J Math Biol","2008","2007/08/02","PMC7080148","","10.1007/s00285-007-0116-4"
"36899581","Projecting social contact matrices to populations stratified by binary attributes with known homophily","Kadelka C.","Math Biosci Eng. 2023 Jan;20(2):3282-3300. doi: 10.3934/mbe.2023154. Epub 2022 Dec 5.","Kadelka C","Math Biosci Eng","2023","2023/03/11","","","10.3934/mbe.2023154"
"33873177","Modelling dynamics of coronavirus disease 2019 spread for pandemic forecasting based on Simulink","Liu XX, Hu S, Fong SJ, Crespo RG, Herrera-Viedma E.","Phys Biol. 2021 May 28;18(4). doi: 10.1088/1478-3975/abf990.","Liu XX","Phys Biol","2021","2021/04/19","","","10.1088/1478-3975/abf990"
"29274002","A periodic disease transmission model with asymptomatic carriage and latency periods","Al-Darabsah I, Yuan Y.","J Math Biol. 2018 Aug;77(2):343-376. doi: 10.1007/s00285-017-1199-1. Epub 2017 Dec 22.","Al-Darabsah I","J Math Biol","2018","2017/12/24","","","10.1007/s00285-017-1199-1"
"32287501","Coupling dynamics of epidemic spreading and information diffusion on complex networks","Zhan XX, Liu C, Zhou G, Zhang ZK, Sun GQ, Zhu JJH, Jin Z.","Appl Math Comput. 2018 Sep 1;332:437-448. doi: 10.1016/j.amc.2018.03.050. Epub 2018 Apr 10.","Zhan XX","Appl Math Comput","2018","2020/04/15","PMC7112333","","10.1016/j.amc.2018.03.050"
"27639702","Epidemic spreading on adaptively weighted scale-free networks","Sun M, Zhang H, Kang H, Zhu G, Fu X.","J Math Biol. 2017 Apr;74(5):1263-1298. doi: 10.1007/s00285-016-1057-6. Epub 2016 Sep 17.","Sun M","J Math Biol","2017","2016/09/19","","","10.1007/s00285-016-1057-6"
"24623529","Bayesian analysis of nonlinear mixed-effects mixture models for longitudinal data with heterogeneity and skewness","Lu X, Huang Y.","Stat Med. 2014 Jul 20;33(16):2830-49. doi: 10.1002/sim.6136. Epub 2014 Mar 13.","Lu X","Stat Med","2014","2014/03/14","","","10.1002/sim.6136"
"39304265","Global, regional, and national burden of stroke and its risk factors, 1990-2021: a systematic analysis for the Global Burden of Disease Study 2021","GBD 2021 Stroke Risk Factor Collaborators.","Lancet Neurol. 2024 Oct;23(10):973-1003. doi: 10.1016/S1474-4422(24)00369-7.","GBD 2021 Stroke Risk Factor Collaborators","Lancet Neurol","2024","2024/09/20","","","10.1016/S1474-4422(24)00369-7"
"11329065","Hepatitis-B virus endemicity: heterogeneity, catastrophic dynamics and control","Medley GF, Lindop NA, Edmunds WJ, Nokes DJ.","Nat Med. 2001 May;7(5):619-24. doi: 10.1038/87953.","Medley GF","Nat Med","2001","2001/05/01","","","10.1038/87953"
"31264135","Analysis of Dynamics of Recurrent Epidemics: Periodic or Non-periodic","Cao H, Yan D, Zhang S, Wang X.","Bull Math Biol. 2019 Dec;81(12):4889-4907. doi: 10.1007/s11538-019-00638-5. Epub 2019 Jul 1.","Cao H","Bull Math Biol","2019","2019/07/03","","","10.1007/s11538-019-00638-5"
"25414913","Adaptive Network Dynamics - Modeling and Control of Time-Dependent Social Contacts","Schwartz IB, Shaw LB, Shkarayev MS.","FUSION. 2011 Jul;14:1756-1762.","Schwartz IB","FUSION","2011","2014/11/22","PMC4236028","NIHMS526774",""
"33024413","Vaccinating SIS epidemics under evolving perception in heterogeneous networks","Li XJ, Li X.","Eur Phys J B. 2020;93(10):185. doi: 10.1140/epjb/e2020-10355-3. Epub 2020 Oct 5.","Li XJ","Eur Phys J B","2020","2020/10/07","PMC7531267","","10.1140/epjb/e2020-10355-3"
"31316113","Dynamic Bayesian network in infectious diseases surveillance: a simulation study","Zhang T, Ma Y, Xiao X, Lin Y, Zhang X, Yin F, Li X.","Sci Rep. 2019 Jul 17;9(1):10376. doi: 10.1038/s41598-019-46737-0.","Zhang T","Sci Rep","2019","2019/07/19","PMC6637193","","10.1038/s41598-019-46737-0"
"34648495","Interplay between mobility, multi-seeding and lockdowns shapes COVID-19 local impact","Mazzoli M, Pepe E, Mateo D, Cattuto C, Gauvin L, Bajardi P, Tizzoni M, Hernando A, Meloni S, Ramasco JJ.","PLoS Comput Biol. 2021 Oct 14;17(10):e1009326. doi: 10.1371/journal.pcbi.1009326. eCollection 2021 Oct.","Mazzoli M","PLoS Comput Biol","2021","2021/10/14","PMC8516261","","10.1371/journal.pcbi.1009326"
"33120576","An age- and sex-structured SIR model: Theory and an explicit-implicit numerical solution algorithm","Wacker B, Schlüter J.","Math Biosci Eng. 2020 Aug 31;17(5):5752-5801. doi: 10.3934/mbe.2020309.","Wacker B","Math Biosci Eng","2020","2020/10/30","","","10.3934/mbe.2020309"
"25678023","The relation between structural and functional connectivity patterns in complex brain networks","Stam CJ, van Straaten EC, Van Dellen E, Tewarie P, Gong G, Hillebrand A, Meier J, Van Mieghem P.","Int J Psychophysiol. 2016 May;103:149-60. doi: 10.1016/j.ijpsycho.2015.02.011. Epub 2015 Feb 10.","Stam CJ","Int J Psychophysiol","2016","2015/02/14","","","10.1016/j.ijpsycho.2015.02.011"
"30117184","Assessing inference of the basic reproduction number in an SIR model incorporating a growth-scaling parameter","Ganyani T, Faes C, Chowell G, Hens N.","Stat Med. 2018 Dec 20;37(29):4490-4506. doi: 10.1002/sim.7935. Epub 2018 Aug 16.","Ganyani T","Stat Med","2018","2018/08/18","","","10.1002/sim.7935"
"23824635","Short-term Mobility and Increased Partnership Concurrency among Men in Zimbabwe","Cassels S, Manhart L, Jenness SM, Morris M.","PLoS One. 2013 Jun 18;8(6):e66342. doi: 10.1371/journal.pone.0066342. Print 2013.","Cassels S","PLoS One","2013","2013/07/05","PMC3688871","","10.1371/journal.pone.0066342"
"38872542","Dynamical analysis of a network-based SIR model with saturated incidence rate and nonlinear recovery rate: an edge-compartmental approach","Wang F, Zhang J, Liu M.","Math Biosci Eng. 2024 Mar 14;21(4):5430-5445. doi: 10.3934/mbe.2024239.","Wang F","Math Biosci Eng","2024","2024/06/14","","","10.3934/mbe.2024239"
"7746847","The Croonian Lecture, 1994. Populations, infectious disease and immunity: a very nonlinear world","Anderson RM.","Philos Trans R Soc Lond B Biol Sci. 1994 Dec 29;346(1318):457-505. doi: 10.1098/rstb.1994.0162.","Anderson RM","Philos Trans R Soc Lond B Biol Sci","1994","1994/12/29","","","10.1098/rstb.1994.0162"
"34081583","LUNAR :Drug Screening for Novel Coronavirus Based on Representation Learning Graph Convolutional Network","Zhou D, Peng S, Wei DQ, Zhong W, Dou Y, Xie X.","IEEE/ACM Trans Comput Biol Bioinform. 2021 Jul-Aug;18(4):1290-1298. doi: 10.1109/TCBB.2021.3085972. Epub 2021 Aug 6.","Zhou D","IEEE/ACM Trans Comput Biol Bioinform","2021","2021/06/03","PMC8769035","","10.1109/TCBB.2021.3085972"
"38154065","Nonlinear bias toward complex contagion in uncertain transmission settings","St-Onge G, Hébert-Dufresne L, Allard A.","Proc Natl Acad Sci U S A. 2024 Jan 2;121(1):e2312202121. doi: 10.1073/pnas.2312202121. Epub 2023 Dec 28.","St-Onge G","Proc Natl Acad Sci U S A","2024","2023/12/28","PMC10769855","","10.1073/pnas.2312202121"
"10942787","An intuitive formulation for the reproductive number for the spread of diseases in heterogeneous populations","Hyman JM, Li J.","Math Biosci. 2000 Sep;167(1):65-86. doi: 10.1016/s0025-5564(00)00025-0.","Hyman JM","Math Biosci","2000","2000/08/16","","","10.1016/s0025-5564(00)00025-0"
"34809609","Exploring relationships between drought and epidemic cholera in Africa using generalised linear models","Charnley GEC, Kelman I, Green N, Hinsley W, Gaythorpe KAM, Murray KA.","BMC Infect Dis. 2021 Nov 22;21(1):1177. doi: 10.1186/s12879-021-06856-4.","Charnley GEC","BMC Infect Dis","2021","2021/11/23","PMC8609751","","10.1186/s12879-021-06856-4"
"24021521","Population-level differences in disease transmission: a Bayesian analysis of multiple smallpox epidemics","Elderd BD, Dwyer G, Dukic V.","Epidemics. 2013 Sep;5(3):146-56. doi: 10.1016/j.epidem.2013.07.001. Epub 2013 Jul 25.","Elderd BD","Epidemics","2013","2013/09/12","PMC3869526","NIHMS510111","10.1016/j.epidem.2013.07.001"
"34192124","Contact Adaption During Epidemics: A Multilayer Network Formulation Approach","Sahneh FD, Vajdi A, Melander J, Scoglio CM.","IEEE Trans Netw Sci Eng. 2017 Nov 2;6(1):16-30. doi: 10.1109/TNSE.2017.2770091. eCollection 2019 Jan 1.","Sahneh FD","IEEE Trans Netw Sci Eng","2017","2021/06/30","PMC7309295","","10.1109/TNSE.2017.2770091"
"39022412","Analysis of the impact of COVID-19 variants and vaccination on the time-varying reproduction number: statistical methods","Jang G, Kim J, Lee Y, Son C, Ko KT, Lee H.","Front Public Health. 2024 Jul 3;12:1353441. doi: 10.3389/fpubh.2024.1353441. eCollection 2024.","Jang G","Front Public Health","2024","2024/07/18","PMC11253806","","10.3389/fpubh.2024.1353441"
"39288773","Control, bi-stability, and preference for chaos in time-dependent vaccination campaign","Gabrick EC, Brugnago EL, de Moraes ALR, Protachevicz PR, da Silva ST, Borges FS, Caldas IL, Batista AM, Kurths J.","Chaos. 2024 Sep 1;34(9):093118. doi: 10.1063/5.0221150.","Gabrick EC","Chaos","2024","2024/09/17","","","10.1063/5.0221150"
"34945894","Breakdown of a Nonlinear Stochastic Nipah Virus Epidemic Models through Efficient Numerical Methods","Raza A, Awrejcewicz J, Rafiq M, Mohsin M.","Entropy (Basel). 2021 Nov 27;23(12):1588. doi: 10.3390/e23121588.","Raza A","Entropy (Basel)","2021","2021/12/24","PMC8700744","","10.3390/e23121588"
"36201150","Joint modeling under competing risks: Application to survival prediction in patients admitted in Intensive Care Unit for sepsis with daily Sequential Organ Failure Assessment score assessments","Lavalley-Morelle A, Timsit JF, Mentré F, Mullaert J; OUTCOMEREA network.","CPT Pharmacometrics Syst Pharmacol. 2022 Nov;11(11):1472-1484. doi: 10.1002/psp4.12856. Epub 2022 Oct 6.","Lavalley-Morelle A","CPT Pharmacometrics Syst Pharmacol","2022","2022/10/06","PMC9662207","","10.1002/psp4.12856"
"33327196","Emergence of nonlinear crossover under epidemic dynamics in heterogeneous networks","Su Z, Gao C, Liu J, Jia T, Wang Z, Kurths J.","Phys Rev E. 2020 Nov;102(5-1):052311. doi: 10.1103/PhysRevE.102.052311.","Su Z","Phys Rev E","2020","2020/12/17","","","10.1103/PhysRevE.102.052311"
"37713397","Time series analysis of daily reported number of new positive cases of COVID-19 in Japan from January 2020 to February 2023","Sumi A.","PLoS One. 2023 Sep 15;18(9):e0285237. doi: 10.1371/journal.pone.0285237. eCollection 2023.","Sumi A","PLoS One","2023","2023/09/15","PMC10503708","","10.1371/journal.pone.0285237"
"31499663","Comparative assessment of parameter estimation methods in the presence of overdispersion: a simulation study","Roosa K, Luo R, Chowell G.","Math Biosci Eng. 2019 May 16;16(5):4299-4313. doi: 10.3934/mbe.2019214.","Roosa K","Math Biosci Eng","2019","2019/09/11","","","10.3934/mbe.2019214"
"3822514","Population dynamics in echinococcosis and cysticercosis: mathematical model of the life-cycles of Taenia hydatigena and T. ovis","Roberts MG, Lawson JR, Gemmell MA.","Parasitology. 1987 Feb;94 ( Pt 1):181-97. doi: 10.1017/s0031182000053555.","Roberts MG","Parasitology","1987","1987/02/01","","","10.1017/s0031182000053555"
"34124240","Modelling the Transmission Dynamics of COVID-19 in Six High-Burden Countries","Rahman A, Kuddus MA.","Biomed Res Int. 2021 May 27;2021:5089184. doi: 10.1155/2021/5089184. eCollection 2021.","Rahman A","Biomed Res Int","2021","2021/06/14","PMC8172286","","10.1155/2021/5089184"
"38371873","Unravelling COVID-19 waves in Rio de Janeiro city: Qualitative insights from nonlinear dynamic analysis","Reis AS, Dos Santos L, Cunha A Jr, Konstantyner TCRO, Macau EEN.","Infect Dis Model. 2024 Jan 30;9(2):314-328. doi: 10.1016/j.idm.2024.01.007. eCollection 2024 Jun.","Reis AS","Infect Dis Model","2024","2024/02/19","PMC10867657","","10.1016/j.idm.2024.01.007"
"26405030","A Novel Statistical Model to Estimate Host Genetic Effects Affecting Disease Transmission","Anacleto O, Garcia-Cortés LA, Lipschutz-Powell D, Woolliams JA, Doeschl-Wilson AB.","Genetics. 2015 Nov;201(3):871-84. doi: 10.1534/genetics.115.179853. Epub 2015 Sep 23.","Anacleto O","Genetics","2015","2015/09/26","PMC4649657","","10.1534/genetics.115.179853"
"15469919","Cross-scale interactions, nonlinearities, and forecasting catastrophic events","Peters DP, Pielke RA Sr, Bestelmeyer BT, Allen CD, Munson-McGee S, Havstad KM.","Proc Natl Acad Sci U S A. 2004 Oct 19;101(42):15130-5. doi: 10.1073/pnas.0403822101. Epub 2004 Oct 6.","Peters DP","Proc Natl Acad Sci U S A","2004","2004/10/08","PMC523446","","10.1073/pnas.0403822101"
"32288982","A patchy model for the transmission dynamics of tuberculosis in sub-Saharan Africa","Moualeu DP, Bowong S, Tsanou B, Temgoua A.","Int J Dyn Control. 2018;6(1):122-139. doi: 10.1007/s40435-017-0310-1. Epub 2017 Feb 24.","Moualeu DP","Int J Dyn Control","2018","2020/04/15","PMC7133616","","10.1007/s40435-017-0310-1"
"33746320","Modeling the role of clusters and diffusion in the evolution of COVID-19 infections during lock-down","Bos WJT, Bertoglio JP, Gostiaux L.","Comput Mech. 2021;67(5):1485-1496. doi: 10.1007/s00466-021-01999-2. Epub 2021 Mar 15.","Bos WJT","Comput Mech","2021","2021/03/22","PMC7957454","","10.1007/s00466-021-01999-2"
"29260611","A two-stage approach for estimating the parameters of an age-group epidemic model from incidence data","Yaari R, Dattner I, Huppert A.","Stat Methods Med Res. 2018 Jul;27(7):1999-2014. doi: 10.1177/0962280217746443. Epub 2017 Dec 20.","Yaari R","Stat Methods Med Res","2018","2017/12/21","","","10.1177/0962280217746443"
"36404949","Modelling the impact of school reopening and contact tracing strategies on Covid-19 dynamics in different epidemiologic settings in Brazil","Borges ME, Ferreira LS, Poloni S, Bagattini AM, Franco C, da Rosa MQM, Simon LM, Camey SA, Kuchenbecker RS, Prado PI, Diniz-Filho JAF, Kraenkel RA, Coutinho RM, Toscano CM.","Glob Epidemiol. 2022 Dec;4:100094. doi: 10.1016/j.gloepi.2022.100094. Epub 2022 Nov 12.","Borges ME","Glob Epidemiol","2022","2022/11/21","PMC9652103","","10.1016/j.gloepi.2022.100094"
"39475731","Forecasting Epidemic Spread with Recurrent Graph Gate Fusion Transformers","Kim M, Kim JH, Jang B.","IEEE J Biomed Health Inform. 2024 Oct 30;PP. doi: 10.1109/JBHI.2024.3488274. Online ahead of print.","Kim M","IEEE J Biomed Health Inform","2024","2024/10/30","","","10.1109/JBHI.2024.3488274"
"25152563","SIR DYNAMICS WITH ECONOMICALLY DRIVEN CONTACT RATES","Morin BR, Fenichel EP, Castillo-Chavez C.","Nat Resour Model. 2013 Nov;26(4):505-525. doi: 10.1111/nrm.12011.","Morin BR","Nat Resour Model","2013","2014/08/26","PMC4139939","NIHMS499156","10.1111/nrm.12011"
"38887240","Uncovering COVID-19 transmission tree: identifying traced and untraced infections in an infection network","Lee H, Choi H, Lee H, Lee S, Kim C.","Front Public Health. 2024 Jun 3;12:1362823. doi: 10.3389/fpubh.2024.1362823. eCollection 2024.","Lee H","Front Public Health","2024","2024/06/18","PMC11180726","","10.3389/fpubh.2024.1362823"
"38717397","Contagion dynamics in time-varying metapopulation networks with node's activity and attractiveness","Zeng L, Tang M, Liu Y, Yeop Yang S, Do Y.","Chaos. 2024 May 1;34(5):053106. doi: 10.1063/5.0204497.","Zeng L","Chaos","2024","2024/05/08","","","10.1063/5.0204497"
"36042914","Global dynamics of two-strain epidemic model with single-strain vaccination in complex networks","Li CL, Cheng CY, Li CH.","Nonlinear Anal Real World Appl. 2023 Feb;69:103738. doi: 10.1016/j.nonrwa.2022.103738. Epub 2022 Aug 26.","Li CL","Nonlinear Anal Real World Appl","2023","2022/08/31","PMC9411796","","10.1016/j.nonrwa.2022.103738"
"36323393","Getting the most out of maths: How to coordinate mathematical modelling research to support a pandemic, lessons learnt from three initiatives that were part of the COVID-19 response in the UK","Dangerfield CE, David Abrahams I, Budd C, Butchers M, Cates ME, Champneys AR, Currie CSM, Enright J, Gog JR, Goriely A, Déirdre Hollingsworth T, Hoyle RB, Ini Professional Services, Isham V, Jordan J, Kaouri MH, Kavoussanakis K, Leeks J, Maini PK, Marr C, Merritt C, Mollison D, Ray S, Thompson RN, Wakefield A, Wasley D.","J Theor Biol. 2023 Jan 21;557:111332. doi: 10.1016/j.jtbi.2022.111332. Epub 2022 Oct 30.","Dangerfield CE","J Theor Biol","2023","2022/11/02","PMC9618296","","10.1016/j.jtbi.2022.111332"
"38346079","Generating synthetic population for simulating the spatiotemporal dynamics of epidemics","Zhu K, Yin L, Liu K, Liu J, Shi Y, Li X, Zou H, Du H.","PLoS Comput Biol. 2024 Feb 12;20(2):e1011810. doi: 10.1371/journal.pcbi.1011810. eCollection 2024 Feb.","Zhu K","PLoS Comput Biol","2024","2024/02/12","PMC10890746","","10.1371/journal.pcbi.1011810"
"31698571","Calculating all multiple parameter solutions of ODE models to avoid biological misinterpretations","Saccomani MP, Thomaseth K.","Math Biosci Eng. 2019 Jul 11;16(6):6438-6453. doi: 10.3934/mbe.2019322.","Saccomani MP","Math Biosci Eng","2019","2019/11/09","","","10.3934/mbe.2019322"
"33994664","Small-world effects in a modified epidemiological model with mutation and permanent immune mechanism","Cao S, Feng P, Wang W, Shi Y, Zhang J.","Nonlinear Dyn. 2021;106(2):1557-1572. doi: 10.1007/s11071-021-06519-8. Epub 2021 May 11.","Cao S","Nonlinear Dyn","2021","2021/05/17","PMC8111059","","10.1007/s11071-021-06519-8"
"24349589","New insights into the molecular epidemiology and population genetics of Schistosoma mansoni in Ugandan pre-school children and mothers","Betson M, Sousa-Figueiredo JC, Kabatereine NB, Stothard JR.","PLoS Negl Trop Dis. 2013 Dec 12;7(12):e2561. doi: 10.1371/journal.pntd.0002561. eCollection 2013.","Betson M","PLoS Negl Trop Dis","2013","2013/12/19","PMC3861247","","10.1371/journal.pntd.0002561"
"38620791","Initialization of a Disease Transmission Model","Runvik H, Medvedev A, Eriksson R, Engblom S.","IFAC Pap OnLine. 2020;53(5):839-844. doi: 10.1016/j.ifacol.2021.04.178. Epub 2021 May 26.","Runvik H","IFAC Pap OnLine","2020","2024/04/15","PMC8153198","","10.1016/j.ifacol.2021.04.178"
"38442233","Dynamical vaccination behavior with risk perception and vaccination rewards","Wang X, Li J, Liu J, Wu X.","Chaos. 2024 Mar 1;34(3):033109. doi: 10.1063/5.0186899.","Wang X","Chaos","2024","2024/03/05","","","10.1063/5.0186899"
"32511513","Variation in SARS-CoV-2 free-living survival and environmental transmission can modulate the intensity of emerging outbreaks","Ogbunugafor CB, Miller-Dickson MD, Meszaros VA, Gomez LM, Murillo AL, Scarpino SV.","medRxiv [Preprint]. 2020 Aug 1:2020.05.04.20090092. doi: 10.1101/2020.05.04.20090092.","Ogbunugafor CB","medRxiv","2020","2020/06/09","PMC7273281","","10.1101/2020.05.04.20090092"
"34764574","A new SEAIRD pandemic prediction model with clinical and epidemiological data analysis on COVID-19 outbreak","Liu XX, Fong SJ, Dey N, Crespo RG, Herrera-Viedma E.","Appl Intell (Dordr). 2021;51(7):4162-4198. doi: 10.1007/s10489-020-01938-3. Epub 2021 Jan 1.","Liu XX","Appl Intell (Dordr)","2021","2021/11/12","PMC7775669","","10.1007/s10489-020-01938-3"
"32838024","Impact of human mobility on the transmission dynamics of infectious diseases","Khatua A, Kar TK, Nandi SK, Jana S, Kang Y.","Energy Ecol Environ. 2020;5(5):389-406. doi: 10.1007/s40974-020-00164-4. Epub 2020 May 22.","Khatua A","Energy Ecol Environ","2020","2020/08/25","PMC7242095","","10.1007/s40974-020-00164-4"
"35219376","Variation in the COVID-19 infection-fatality ratio by age, time, and geography during the pre-vaccine era: a systematic analysis","COVID-19 Forecasting Team.","Lancet. 2022 Apr 16;399(10334):1469-1488. doi: 10.1016/S0140-6736(21)02867-1. Epub 2022 Feb 24.","COVID-19 Forecasting Team","Lancet","2022","2022/02/27","PMC8871594","","10.1016/S0140-6736(21)02867-1"
"39300092","Predictive modeling of hepatitis B viral dynamics: a caputo derivative-based approach using artificial neural networks","Turab A, Shafqat R, Muhammad S, Shuaib M, Khan MF, Kamal M.","Sci Rep. 2024 Sep 19;14(1):21853. doi: 10.1038/s41598-024-70788-7.","Turab A","Sci Rep","2024","2024/09/19","PMC11413037","","10.1038/s41598-024-70788-7"
"34493902","A data-driven model of the COVID-19 spread among interconnected populations: epidemiological and mobility aspects following the lockdown in Italy","Di Giamberardino P, Iacoviello D, Papa F, Sinisgalli C.","Nonlinear Dyn. 2021;106(2):1239-1266. doi: 10.1007/s11071-021-06840-2. Epub 2021 Sep 3.","Di Giamberardino P","Nonlinear Dyn","2021","2021/09/08","PMC8413365","","10.1007/s11071-021-06840-2"
"39366729","Forecasting the effects of smoking prevalence scenarios on years of life lost and life expectancy from 2022 to 2050: a systematic analysis for the Global Burden of Disease Study 2021","GBD 2021 Tobacco Forecasting Collaborators.","Lancet Public Health. 2024 Oct;9(10):e729-e744. doi: 10.1016/S2468-2667(24)00166-X.","GBD 2021 Tobacco Forecasting Collaborators","Lancet Public Health","2024","2024/10/04","PMC11447278","","10.1016/S2468-2667(24)00166-X"
"31553655","The Role of Humidity in Associations of High Temperature with Mortality: A Multicountry, Multicity Study","Armstrong B, Sera F, Vicedo-Cabrera AM, Abrutzky R, Åström DO, Bell ML, Chen BY, de Sousa Zanotti Stagliorio Coelho M, Correa PM, Dang TN, Diaz MH, Dung DV, Forsberg B, Goodman P, Guo YL, Guo Y, Hashizume M, Honda Y, Indermitte E, Íñiguez C, Kan H, Kim H, Kyselý J, Lavigne E, Michelozzi P, Orru H, Ortega NV, Pascal M, Ragettli MS, Saldiva PHN, Schwartz J, Scortichini M, Seposo X, Tobias A, Tong S, Urban A, De la Cruz Valencia C, Zanobetti A, Zeka A, Gasparrini A.","Environ Health Perspect. 2019 Sep;127(9):97007. doi: 10.1289/EHP5430. Epub 2019 Sep 25.","Armstrong B","Environ Health Perspect","2019","2019/09/26","PMC6792461","","10.1289/EHP5430"
"35310020","Multiple epidemic waves as the outcome of stochastic SIR epidemics with behavioral responses: a hybrid modeling approach","Ochab M, Manfredi P, Puszynski K, d'Onofrio A.","Nonlinear Dyn. 2023;111(1):887-926. doi: 10.1007/s11071-022-07317-6. Epub 2022 Mar 15.","Ochab M","Nonlinear Dyn","2023","2022/03/21","PMC8923600","","10.1007/s11071-022-07317-6"
"39111645","Host-feeding preferences and temperature shape the dynamics of West Nile virus: A mathematical model to predict the impacts of vector-host interactions and vector management on R(0)","Bhowmick S, Fritz ML, Smith RL.","Acta Trop. 2024 Oct;258:107346. doi: 10.1016/j.actatropica.2024.107346. Epub 2024 Aug 5.","Bhowmick S","Acta Trop","2024","2024/08/07","","","10.1016/j.actatropica.2024.107346"
"8733427","Spatial heterogeneity in epidemic models","Lloyd AL, May RM.","J Theor Biol. 1996 Mar 7;179(1):1-11. doi: 10.1006/jtbi.1996.0042.","Lloyd AL","J Theor Biol","1996","1996/03/07","","","10.1006/jtbi.1996.0042"
"23665296","The scaling of contact rates with population density for the infectious disease models","Hu H, Nigmatulina K, Eckhoff P.","Math Biosci. 2013 Aug;244(2):125-34. doi: 10.1016/j.mbs.2013.04.013. Epub 2013 May 9.","Hu H","Math Biosci","2013","2013/05/14","","","10.1016/j.mbs.2013.04.013"
"24371541","Geographical and environmental factors driving the increase in the Lyme disease vector Ixodes scapularis","Khatchikian CE, Prusinski M, Stone M, Backenson PB, Wang IN, Levy MZ, Brisson D.","Ecosphere. 2012 Oct 3;3(10):art85. doi: 10.1890/ES12-00134.1.","Khatchikian CE","Ecosphere","2012","2013/12/28","PMC3872055","NIHMS529428","10.1890/ES12-00134.1"
"39253708","Coccidioidomycosis seasonality in California: a longitudinal surveillance study of the climate determinants and spatiotemporal variability of seasonal dynamics, 2000-2021","Heaney AK, Camponuri SK, Head JR, Collender P, Weaver A, Sondermeyer Cooksey G, Yu A, Vugia D, Jain S, Bhattachan A, Taylor J, Remais JV.","Lancet Reg Health Am. 2024 Aug 19;38:100864. doi: 10.1016/j.lana.2024.100864. eCollection 2024 Oct.","Heaney AK","Lancet Reg Health Am","2024","2024/09/10","PMC11382213","","10.1016/j.lana.2024.100864"
"23848732","Stochastic analysis of epidemics on adaptive time varying networks","Kotnis B, Kuri J.","Phys Rev E Stat Nonlin Soft Matter Phys. 2013 Jun;87(6):062810. doi: 10.1103/PhysRevE.87.062810. Epub 2013 Jun 19.","Kotnis B","Phys Rev E Stat Nonlin Soft Matter Phys","2013","2013/07/16","","","10.1103/PhysRevE.87.062810"
"34383756","Using mobility data in the design of optimal lockdown strategies for the COVID-19 pandemic","Dutta R, Gomes SN, Kalise D, Pacchiardi L.","PLoS Comput Biol. 2021 Aug 12;17(8):e1009236. doi: 10.1371/journal.pcbi.1009236. eCollection 2021 Aug.","Dutta R","PLoS Comput Biol","2021","2021/08/12","PMC8360388","","10.1371/journal.pcbi.1009236"
"30173755","Comparative epidemiology of E. coli resistance to third-generation cephalosporins in diseased food-producing animals","Bourély C, Chauvin C, Jouy É, Cazeau G, Jarrige N, Leblond A, Gay É.","Vet Microbiol. 2018 Sep;223:72-78. doi: 10.1016/j.vetmic.2018.07.025. Epub 2018 Jul 31.","Bourély C","Vet Microbiol","2018","2018/09/04","","","10.1016/j.vetmic.2018.07.025"
"12900200","SARS outbreaks in Ontario, Hong Kong and Singapore: the role of diagnosis and isolation as a control mechanism","Chowell G, Fenimore PW, Castillo-Garsow MA, Castillo-Chavez C.","J Theor Biol. 2003 Sep 7;224(1):1-8. doi: 10.1016/s0022-5193(03)00228-5.","Chowell G","J Theor Biol","2003","2003/08/06","PMC7134599","","10.1016/s0022-5193(03)00228-5"
"33619436","4P Model for Dynamic Prediction of COVID-19: a Statistical and Machine Learning Approach","Hasan KT, Rahman MM, Ahmmed MM, Chowdhury AA, Islam MK.","Cognit Comput. 2021 Feb 17:1-14. doi: 10.1007/s12559-020-09786-6. Online ahead of print.","Hasan KT","Cognit Comput","2021","2021/02/23","PMC7888531","","10.1007/s12559-020-09786-6"
"28900013","Optimal deployment of resources for maximizing impact in spreading processes","Lokhov AY, Saad D.","Proc Natl Acad Sci U S A. 2017 Sep 26;114(39):E8138-E8146. doi: 10.1073/pnas.1614694114. Epub 2017 Sep 12.","Lokhov AY","Proc Natl Acad Sci U S A","2017","2017/09/14","PMC5625886","","10.1073/pnas.1614694114"
"12818579","Complexity theory in the management of communicable diseases","Simmons M.","J Hosp Infect. 2003 Jun;54(2):87-92. doi: 10.1016/s0195-6701(03)00081-1.","Simmons M","J Hosp Infect","2003","2003/06/24","","","10.1016/s0195-6701(03)00081-1"
"39071698","A data-driven analysis on the mediation effect of compartment models between control measures and COVID-19 epidemics","Zhang D, Yang W, Wen W, Peng L, Zhuge C, Hong L.","Heliyon. 2024 Jun 29;10(13):e33850. doi: 10.1016/j.heliyon.2024.e33850. eCollection 2024 Jul 15.","Zhang D","Heliyon","2024","2024/07/29","PMC11283110","","10.1016/j.heliyon.2024.e33850"
"17151036","Modelling the effectiveness of chlamydia screening in England","Turner KM, Adams EJ, Lamontagne DS, Emmett L, Baster K, Edmunds WJ.","Sex Transm Infect. 2006 Dec;82(6):496-502. doi: 10.1136/sti.2005.019067.","Turner KM","Sex Transm Infect","2006","2006/12/08","PMC2563876","","10.1136/sti.2005.019067"
"33724911","Dynamics in a reaction-diffusion epidemic model via environmental driven infection in heterogenous space","Wang N, Zhang L, Teng Z.","J Biol Dyn. 2022 Dec;16(1):373-396. doi: 10.1080/17513758.2021.1900428. Epub 2021 Mar 16.","Wang N","J Biol Dyn","2022","2021/03/16","","","10.1080/17513758.2021.1900428"
"32904917","Age-group-targeted testing for COVID-19 as a new prevention strategy","Upadhyay RK, Chatterjee S, Saha S, Azad RK.","Nonlinear Dyn. 2020;101(3):1921-1932. doi: 10.1007/s11071-020-05879-x. Epub 2020 Sep 1.","Upadhyay RK","Nonlinear Dyn","2020","2020/09/09","PMC7462111","","10.1007/s11071-020-05879-x"
"35221526","Intensive care unit occupancy predictions in the COVID-19 pandemic based on age-structured modelling and differential flatness","Hametner C, Böhler L, Kozek M, Bartlechner J, Ecker O, Du ZP, Kölbl R, Bergmann M, Bachleitner-Hofmann T, Jakubek S.","Nonlinear Dyn. 2022;109(1):57-75. doi: 10.1007/s11071-022-07267-z. Epub 2022 Feb 18.","Hametner C","Nonlinear Dyn","2022","2022/02/28","PMC8856937","","10.1007/s11071-022-07267-z"
"30502410","A model for the treatment of environmentally transmitted sarcoptic mange in bare-nosed wombats (Vombatus ursinus)","Beeton NJ, Carver S, Forbes LK.","J Theor Biol. 2019 Feb 7;462:466-474. doi: 10.1016/j.jtbi.2018.11.033. Epub 2018 Nov 28.","Beeton NJ","J Theor Biol","2019","2018/12/04","","","10.1016/j.jtbi.2018.11.033"
"34251243","Criticality in epidemic spread: An application in the case of COVID19 infected population","Contoyiannis Y, Stavrinides SG, Hanias MP, Kampitakis M, Papadopoulos P, Picos R, Potirakis SM, Kosmidis EK.","Chaos. 2021 Apr;31(4):043109. doi: 10.1063/5.0046772.","Contoyiannis Y","Chaos","2021","2021/07/12","","","10.1063/5.0046772"
"32214892","Risks of an epidemic in a two-layered railway-local area traveling network","Ruan Z, Hui P, Lin H, Liu Z.","Eur Phys J B. 2013;86(1):13. doi: 10.1140/epjb/e2012-30292-x. Epub 2013 Jan 21.","Ruan Z","Eur Phys J B","2013","2020/03/28","PMC7087643","","10.1140/epjb/e2012-30292-x"
"28069250","The exposure-response relationship between temperature and childhood hand, foot and mouth disease: A multicity study from mainland China","Xiao X, Gasparrini A, Huang J, Liao Q, Liu F, Yin F, Yu H, Li X.","Environ Int. 2017 Mar;100:102-109. doi: 10.1016/j.envint.2016.11.021. Epub 2017 Jan 6.","Xiao X","Environ Int","2017","2017/01/11","","","10.1016/j.envint.2016.11.021"
"29338736","Spatial panorama of malaria prevalence in Africa under climate change and interventions scenarios","Moukam Kakmeni FM, Guimapi RYA, Ndjomatchoua FT, Pedro SA, Mutunga J, Tonnang HEZ.","Int J Health Geogr. 2018 Jan 16;17(1):2. doi: 10.1186/s12942-018-0122-3.","Moukam Kakmeni FM","Int J Health Geogr","2018","2018/01/18","PMC5771136","","10.1186/s12942-018-0122-3"
"24718762","Estimating epidemiological parameters for bovine tuberculosis in British cattle using a Bayesian partial-likelihood approach","O'Hare A, Orton RJ, Bessell PR, Kao RR.","Proc Biol Sci. 2014 Apr 9;281(1783):20140248. doi: 10.1098/rspb.2014.0248. Print 2014 May 22.","O'Hare A","Proc Biol Sci","2014","2014/04/11","PMC3996616","","10.1098/rspb.2014.0248"
"30110730","Two golden times in two-step contagion models: A nonlinear map approach","Choi W, Lee D, Kertész J, Kahng B.","Phys Rev E. 2018 Jul;98(1-1):012311. doi: 10.1103/PhysRevE.98.012311.","Choi W","Phys Rev E","2018","2018/08/17","PMC7217535","","10.1103/PhysRevE.98.012311"
"34815830","Multifractal based image processing for estimating the complexity of COVID-19 dynamics","Rong Q, Thangaraj C, Easwaramoorthy D, He S.","Eur Phys J Spec Top. 2021;230(21-22):3947-3954. doi: 10.1140/epjs/s11734-021-00336-1. Epub 2021 Nov 18.","Rong Q","Eur Phys J Spec Top","2021","2021/11/24","PMC8601099","","10.1140/epjs/s11734-021-00336-1"
"39039385","Global stability and optimal control of an age-structured SVEIR epidemic model with waning immunity and relapses","Ma S, Tian T, Huo H.","J Math Biol. 2024 Jul 22;89(3):32. doi: 10.1007/s00285-024-02131-7.","Ma S","J Math Biol","2024","2024/07/22","","","10.1007/s00285-024-02131-7"
"25554026","Suppression of epidemic spreading in complex networks by local information based behavioral responses","Zhang HF, Xie JR, Tang M, Lai YC.","Chaos. 2014 Dec;24(4):043106. doi: 10.1063/1.4896333.","Zhang HF","Chaos","2014","2015/01/03","PMC7112481","","10.1063/1.4896333"
"24759447","Quantifying differences in the epidemic curves from three influenza surveillance systems: a nonlinear regression analysis","Thomas EG, McCAW JM, Kelly HA, Grant KA, McVERNON J.","Epidemiol Infect. 2015 Jan;143(2):427-39. doi: 10.1017/S0950268814000764. Epub 2014 Apr 23.","Thomas EG","Epidemiol Infect","2015","2014/04/25","PMC9206772","","10.1017/S0950268814000764"
"22335852","Impact of birth rate, seasonality and transmission rate on minimum levels of coverage needed for rubella vaccination","Metcalf CJ, Lessler J, Klepac P, Cutts F, Grenfell BT.","Epidemiol Infect. 2012 Dec;140(12):2290-301. doi: 10.1017/S0950268812000131. Epub 2012 Feb 16.","Metcalf CJ","Epidemiol Infect","2012","2012/02/17","PMC3487482","","10.1017/S0950268812000131"
"38125200","Reconstruction of incidence reporting rate for SARS-CoV-2 Delta variant of COVID-19 pandemic in the US","Smirnova A, Baroonian M.","Infect Dis Model. 2023 Dec 9;9(1):70-83. doi: 10.1016/j.idm.2023.12.001. eCollection 2024 Mar.","Smirnova A","Infect Dis Model","2023","2023/12/21","PMC10733106","","10.1016/j.idm.2023.12.001"
"17989780","Comparing models for early warning systems of neglected tropical diseases","Chaves LF, Pascual M.","PLoS Negl Trop Dis. 2007 Oct 22;1(1):e33. doi: 10.1371/journal.pntd.0000033.","Chaves LF","PLoS Negl Trop Dis","2007","2007/11/09","PMC2041810","","10.1371/journal.pntd.0000033"
"29306640","Species interactions may help explain the erratic periodicity of whooping cough dynamics","Bhattacharyya S, Ferrari MJ, Bjørnstad ON.","Epidemics. 2018 Jun;23:64-70. doi: 10.1016/j.epidem.2017.12.005. Epub 2017 Dec 14.","Bhattacharyya S","Epidemics","2018","2018/01/08","","","10.1016/j.epidem.2017.12.005"
"16012804","On the effect of population heterogeneity on dynamics of epidemic diseases","Veliov VM.","J Math Biol. 2005 Aug;51(2):123-43. doi: 10.1007/s00285-004-0288-0. Epub 2005 Jul 13.","Veliov VM","J Math Biol","2005","2005/07/14","","","10.1007/s00285-004-0288-0"
"39330093","A New Diffusion Strategy Using an Epidemic Spreading Model for Encryption","Zhang W, Zhu G, Xing M, Yang J, Yu H, Zhu Z.","Entropy (Basel). 2024 Sep 5;26(9):760. doi: 10.3390/e26090760.","Zhang W","Entropy (Basel)","2024","2024/09/27","PMC11431050","","10.3390/e26090760"
"28297983","Memory effects on epidemic evolution: The susceptible-infected-recovered epidemic model","Saeedian M, Khalighi M, Azimi-Tafreshi N, Jafari GR, Ausloos M.","Phys Rev E. 2017 Feb;95(2-1):022409. doi: 10.1103/PhysRevE.95.022409. Epub 2017 Feb 21.","Saeedian M","Phys Rev E","2017","2017/03/17","PMC7217510","","10.1103/PhysRevE.95.022409"
"31140028","Quantile regression-based Bayesian joint modeling analysis of longitudinal-survival data, with application to an AIDS cohort study","Zhang H, Huang Y.","Lifetime Data Anal. 2020 Apr;26(2):339-368. doi: 10.1007/s10985-019-09478-w. Epub 2019 May 28.","Zhang H","Lifetime Data Anal","2020","2019/05/30","","","10.1007/s10985-019-09478-w"
"39109181","A Bayesian model calibration framework for stochastic compartmental models with both time-varying and time-invariant parameters","Robinson B, Bisaillon P, Edwards JD, Kendzerska T, Khalil M, Poirel D, Sarkar A.","Infect Dis Model. 2024 May 3;9(4):1224-1249. doi: 10.1016/j.idm.2024.04.002. eCollection 2024 Dec.","Robinson B","Infect Dis Model","2024","2024/08/07","PMC11301392","","10.1016/j.idm.2024.04.002"
"22587151","Effects of degree-biased transmission rate and nonlinear infectivity on rumor spreading in complex social networks","Roshani F, Naimi Y.","Phys Rev E Stat Nonlin Soft Matter Phys. 2012 Mar;85(3 Pt 2):036109. doi: 10.1103/PhysRevE.85.036109. Epub 2012 Mar 22.","Roshani F","Phys Rev E Stat Nonlin Soft Matter Phys","2012","2012/05/17","","","10.1103/PhysRevE.85.036109"
"34803189","Dynamics of a reaction-diffusion SIRS model with general incidence rate in a heterogeneous environment","Avila-Vales E, Pérez ÁGC.","Z Angew Math Phys. 2022;73(1):9. doi: 10.1007/s00033-021-01645-0. Epub 2021 Nov 17.","Avila-Vales E","Z Angew Math Phys","2022","2021/11/22","PMC8596864","","10.1007/s00033-021-01645-0"
"8588328","Towards eradication of measles virus: global progress and strategy evaluation","Nokes DJ, Williams JR, Butler AR.","Vet Microbiol. 1995 May;44(2-4):333-50. doi: 10.1016/0378-1135(95)00027-8.","Nokes DJ","Vet Microbiol","1995","1995/05/01","","","10.1016/0378-1135(95)00027-8"
"18233866","Risk perception in epidemic modeling","Bagnoli F, Liò P, Sguanci L.","Phys Rev E Stat Nonlin Soft Matter Phys. 2007 Dec;76(6 Pt 1):061904. doi: 10.1103/PhysRevE.76.061904. Epub 2007 Dec 5.","Bagnoli F","Phys Rev E Stat Nonlin Soft Matter Phys","2007","2008/02/01","","","10.1103/PhysRevE.76.061904"
"27863520","Modeling the effects of palm-house proximity on the theoretical risk of Chagas disease transmission in a rural locality of the Orinoco basin, Colombia","Erazo D, Cordovez J.","Parasit Vectors. 2016 Nov 18;9(1):592. doi: 10.1186/s13071-016-1884-8.","Erazo D","Parasit Vectors","2016","2016/11/20","PMC5116207","","10.1186/s13071-016-1884-8"
"32078958","A numerical efficient splitting method for the solution of two dimensional susceptible infected recovered epidemic model of whooping cough dynamics: Applications in bio-medical engineering","Ahmed N, Ali M, Rafiq M, Khan I, Nisar KS, Rehman MA, Ahmad MO.","Comput Methods Programs Biomed. 2020 Jul;190:105350. doi: 10.1016/j.cmpb.2020.105350. Epub 2020 Jan 30.","Ahmed N","Comput Methods Programs Biomed","2020","2020/02/21","","","10.1016/j.cmpb.2020.105350"
"26245466","The Non-linear Health Consequences of Living in Larger Cities","Rocha LE, Thorson AE, Lambiotte R.","J Urban Health. 2015 Oct;92(5):785-99. doi: 10.1007/s11524-015-9976-x.","Rocha LE","J Urban Health","2015","2015/08/07","PMC4608943","","10.1007/s11524-015-9976-x"
"8626006","The transmission dynamics of hepatitis B in the UK: a mathematical model for evaluating costs and effectiveness of immunization programmes","Williams JR, Nokes DJ, Medley GF, Anderson RM.","Epidemiol Infect. 1996 Feb;116(1):71-89. doi: 10.1017/s0950268800058970.","Williams JR","Epidemiol Infect","1996","1996/02/01","PMC2271247","","10.1017/s0950268800058970"
"28618640","Epidemic extinction paths in complex networks","Hindes J, Schwartz IB.","Phys Rev E. 2017 May;95(5-1):052317. doi: 10.1103/PhysRevE.95.052317. Epub 2017 May 25.","Hindes J","Phys Rev E","2017","2017/06/17","","","10.1103/PhysRevE.95.052317"
"20309549","A note on a paper by Erik Volz: SIR dynamics in random networks","Miller JC.","J Math Biol. 2011 Mar;62(3):349-58. doi: 10.1007/s00285-010-0337-9. Epub 2010 Mar 23.","Miller JC","J Math Biol","2011","2010/03/24","","","10.1007/s00285-010-0337-9"
"18312339","Seasonal variation in Plasmodium prevalence in a population of blue tits Cyanistes caeruleus","Cosgrove CL, Wood MJ, Day KP, Sheldon BC.","J Anim Ecol. 2008 May;77(3):540-8. doi: 10.1111/j.1365-2656.2008.01370.x. Epub 2008 Feb 25.","Cosgrove CL","J Anim Ecol","2008","2008/03/04","","","10.1111/j.1365-2656.2008.01370.x"
"18716676","Complex ecological dynamics and eradicability of the vector borne macroparasitic disease, lymphatic filariasis","Gambhir M, Michael E.","PLoS One. 2008 Aug 6;3(8):e2874. doi: 10.1371/journal.pone.0002874.","Gambhir M","PLoS One","2008","2008/08/22","PMC2518518","","10.1371/journal.pone.0002874"
"32836822","Generalized logistic growth modeling of the COVID-19 outbreak: comparing the dynamics in the 29 provinces in China and in the rest of the world","Wu K, Darcet D, Wang Q, Sornette D.","Nonlinear Dyn. 2020;101(3):1561-1581. doi: 10.1007/s11071-020-05862-6. Epub 2020 Aug 19.","Wu K","Nonlinear Dyn","2020","2020/08/25","PMC7437112","","10.1007/s11071-020-05862-6"
"39407189","Air pollution's numerical, spatial, and temporal heterogeneous impacts on childhood hand, foot and mouth disease: a multi-model county-level study from China","Tang Z, Sun Q, Pan J, Xie M, Wang Z, Lin X, Wang X, Zhang Y, Xue Q, Bo Y, Wang J, Liu X, Song C.","BMC Public Health. 2024 Oct 15;24(1):2825. doi: 10.1186/s12889-024-20342-x.","Tang Z","BMC Public Health","2024","2024/10/15","PMC11479553","","10.1186/s12889-024-20342-x"
"27590326","Chaos in collective health: Fractal dynamics of social learning","Keane C.","J Theor Biol. 2016 Nov 21;409:47-59. doi: 10.1016/j.jtbi.2016.08.039. Epub 2016 Aug 31.","Keane C","J Theor Biol","2016","2016/09/04","","","10.1016/j.jtbi.2016.08.039"
"17697565","Nonlinear model of epidemic spreading in a complex social network","Kosiński RA, Grabowski A.","Nonlinear Dynamics Psychol Life Sci. 2007 Oct;11(4):435-50.","Kosiński RA","Nonlinear Dynamics Psychol Life Sci","2007","2007/08/19","","",""
"27848934","Considering spatial heterogeneity in the distributed lag non-linear model when analyzing spatiotemporal data","Chien LC, Guo Y, Li X, Yu HL.","J Expo Sci Environ Epidemiol. 2018 Jan;28(1):13-20. doi: 10.1038/jes.2016.62. Epub 2016 Nov 16.","Chien LC","J Expo Sci Environ Epidemiol","2018","2016/11/17","","","10.1038/jes.2016.62"
"14637053","Nest architecture, activity pattern, worker density and the dynamics of disease transmission in social insects","Pie MR, Rosengaus RB, Traniello JF.","J Theor Biol. 2004 Jan 7;226(1):45-51. doi: 10.1016/j.jtbi.2003.08.002.","Pie MR","J Theor Biol","2004","2003/11/26","","","10.1016/j.jtbi.2003.08.002"
"30947431","Global stability of an age-structured epidemic model with general Lyapunov functional","Chekroun A, Frioui MN, Kuniya T, Touaoula TM.","Math Biosci Eng. 2019 Feb 26;16(3):1525-1553. doi: 10.3934/mbe.2019073.","Chekroun A","Math Biosci Eng","2019","2019/04/06","","","10.3934/mbe.2019073"
"18722386","On the spread of epidemics in a closed heterogeneous population","Novozhilov AS.","Math Biosci. 2008 Oct;215(2):177-85. doi: 10.1016/j.mbs.2008.07.010. Epub 2008 Aug 3.","Novozhilov AS","Math Biosci","2008","2008/08/30","PMC2580825","NIHMS73999","10.1016/j.mbs.2008.07.010"
"34131428","Mathematical analysis and optimal control interventions for sex structured syphilis model with three stages of infection and loss of immunity","Momoh AA, Bala Y, Washachi DJ, Déthié D.","Adv Differ Equ. 2021;2021(1):285. doi: 10.1186/s13662-021-03432-7. Epub 2021 Jun 11.","Momoh AA","Adv Differ Equ","2021","2021/06/16","PMC8193201","","10.1186/s13662-021-03432-7"
"24945599","Human health impacts of antibiotic use in agriculture: A push for improved causal inference","Singer RS, Williams-Nguyen J.","Curr Opin Microbiol. 2014 Jun;19:1-8. doi: 10.1016/j.mib.2014.05.014. Epub 2014 Jun 17.","Singer RS","Curr Opin Microbiol","2014","2014/06/20","","","10.1016/j.mib.2014.05.014"
"10708626","Parasite-mediated and direct competition in a two-host shared macroparasite system","Greenman JV, Hudson PJ.","Theor Popul Biol. 2000 Feb;57(1):13-34. doi: 10.1006/tpbi.1999.1435.","Greenman JV","Theor Popul Biol","2000","2000/03/10","","","10.1006/tpbi.1999.1435"
"16377860","Infection transmission science and models","Koopman JS.","Jpn J Infect Dis. 2005 Dec;58(6):S3-8.","Koopman JS","Jpn J Infect Dis","2005","2005/12/27","","",""
"33821068","A case study of Covid-19 epidemic in India via new generalised Caputo type fractional derivatives","Kumar P, Suat Erturk V.","Math Methods Appl Sci. 2021 Feb 17:10.1002/mma.7284. doi: 10.1002/mma.7284. Online ahead of print.","Kumar P","Math Methods Appl Sci","2021","2021/04/06","PMC8014294","","10.1002/mma.7284"
"34786326","Mathematical assessment of constant and time-dependent control measures on the dynamics of the novel coronavirus: An application of optimal control theory","Zhang L, Ullah S, Alwan BA, Alshehri A, Sumelka W.","Results Phys. 2021 Dec;31:104971. doi: 10.1016/j.rinp.2021.104971. Epub 2021 Nov 12.","Zhang L","Results Phys","2021","2021/11/17","PMC8588759","","10.1016/j.rinp.2021.104971"
"31074780","Getting more from heterogeneous HIV-1 surveillance data in a high immigration country: estimation of incidence and undiagnosed population size using multiple biomarkers","Giardina F, Romero-Severson EO, Axelsson M, Svedhem V, Leitner T, Britton T, Albert J.","Int J Epidemiol. 2019 Dec 1;48(6):1795-1803. doi: 10.1093/ije/dyz100.","Giardina F","Int J Epidemiol","2019","2019/05/11","PMC6929534","","10.1093/ije/dyz100"
"12965019","Spatio-temporal synchronization of recurrent epidemics","He D, Stone L.","Proc Biol Sci. 2003 Jul 22;270(1523):1519-26. doi: 10.1098/rspb.2003.2366.","He D","Proc Biol Sci","2003","2003/09/11","PMC1691399","","10.1098/rspb.2003.2366"
"38888744","Mathematical Assessment of the Role of Human Behavior Changes on SARS-CoV-2 Transmission Dynamics in the United States","Pant B, Safdar S, Santillana M, Gumel AB.","Bull Math Biol. 2024 Jun 18;86(8):92. doi: 10.1007/s11538-024-01324-x.","Pant B","Bull Math Biol","2024","2024/06/18","PMC11610112","NIHMS2034227","10.1007/s11538-024-01324-x"
"22880616","Infection-age structured epidemic models with behavior change or treatment","Hyman JM, Li J.","J Biol Dyn. 2007 Jan;1(1):109-31. doi: 10.1080/17513750601040383.","Hyman JM","J Biol Dyn","2007","2012/08/14","","","10.1080/17513750601040383"
"32214672","Dynamical analysis and control strategies of an SIVS epidemic model with imperfect vaccination on scale-free networks","Lv W, Ke Q, Li K.","Nonlinear Dyn. 2020;99(2):1507-1523. doi: 10.1007/s11071-019-05371-1. Epub 2019 Nov 23.","Lv W","Nonlinear Dyn","2020","2020/03/28","PMC7089206","","10.1007/s11071-019-05371-1"
"10828214","Stochastic modelling of environmental variation for biological populations","Marion G, Renshaw E, Gibson G.","Theor Popul Biol. 2000 May;57(3):197-217. doi: 10.1006/tpbi.2000.1450.","Marion G","Theor Popul Biol","2000","2000/06/01","","","10.1006/tpbi.2000.1450"
"30861673","Lyapunov functional for virus infection model with diffusion and state-dependent delays","Liang J, Wei J.","Math Biosci Eng. 2019 Jan 29;16(2):947-966. doi: 10.3934/mbe.2019044.","Liang J","Math Biosci Eng","2019","2019/03/14","","","10.3934/mbe.2019044"
"32959068","Time-dependent solution of the NIMFA equations around the epidemic threshold","Prasse B, Van Mieghem P.","J Math Biol. 2020 Dec;81(6-7):1299-1355. doi: 10.1007/s00285-020-01542-6. Epub 2020 Sep 22.","Prasse B","J Math Biol","2020","2020/09/22","PMC7716943","","10.1007/s00285-020-01542-6"
"33378914","Impact of variability of reproductive ageing and rate on childhood infectious disease prevention and control: insights from stage-structured population models","Su Q, Wu J.","Math Biosci Eng. 2020 Nov 4;17(6):7671-7691. doi: 10.3934/mbe.2020390.","Su Q","Math Biosci Eng","2020","2020/12/31","","","10.3934/mbe.2020390"
"23185230","Epidemiology of the emergent disease Paridae pox in an intensively studied wild bird population","Lachish S, Lawson B, Cunningham AA, Sheldon BC.","PLoS One. 2012;7(11):e38316. doi: 10.1371/journal.pone.0038316. Epub 2012 Nov 21.","Lachish S","PLoS One","2012","2012/11/28","PMC3504069","","10.1371/journal.pone.0038316"
"12479548","A geostatistical analysis of the geographic distribution of lymphatic filariasis prevalence in southern India","Srividya A, Michael E, Palaniyandi M, Pani SP, Das PK.","Am J Trop Med Hyg. 2002 Nov;67(5):480-9. doi: 10.4269/ajtmh.2002.67.480.","Srividya A","Am J Trop Med Hyg","2002","2002/12/14","","","10.4269/ajtmh.2002.67.480"
"25629642","A mixture of hierarchical joint models for longitudinal data with heterogeneity, non-normality, missingness, and covariate measurement error","Huang Y, Yan C, Yin P, Lu M.","J Biopharm Stat. 2016;26(2):299-322. doi: 10.1080/10543406.2014.1000547. Epub 2015 Jan 28.","Huang Y","J Biopharm Stat","2016","2015/01/29","","","10.1080/10543406.2014.1000547"
"25811334","Global dynamics of a general class of multi-group epidemic models with latency and relapse","Feng X, Teng Z, Zhang F.","Math Biosci Eng. 2015 Feb;12(1):99-115. doi: 10.3934/mbe.2015.12.99.","Feng X","Math Biosci Eng","2015","2015/03/27","","","10.3934/mbe.2015.12.99"
"17677396","Epidemic size and probability in populations with heterogeneous infectivity and susceptibility","Miller JC.","Phys Rev E Stat Nonlin Soft Matter Phys. 2007 Jul;76(1 Pt 1):010101. doi: 10.1103/PhysRevE.76.010101. Epub 2007 Jul 10.","Miller JC","Phys Rev E Stat Nonlin Soft Matter Phys","2007","2007/08/07","","","10.1103/PhysRevE.76.010101"
"19334970","Outer synchronization of coupled discrete-time networks","Li C, Xu C, Sun W, Xu J, Kurths J.","Chaos. 2009 Mar;19(1):013106. doi: 10.1063/1.3068357.","Li C","Chaos","2009","2009/04/02","","","10.1063/1.3068357"
"38946988","Comparing lagged impacts of mobility changes and environmental factors on COVID-19 waves in rural and urban India: a Bayesian spatiotemporal modelling study","Cleary E, Atuhaire F, Sorcihetta A, Ruktanonchai N, Ruktanonchai C, Cunningham A, Pasqui M, Schiavina M, Melchiorri M, Bondarenko M, Shepherd HER, Padmadas SS, Wesolowski A, Cummings DAT, Tatem AJ, Lai S.","medRxiv [Preprint]. 2024 Jun 14:2024.06.12.24308871. doi: 10.1101/2024.06.12.24308871.","Cleary E","medRxiv","2024","2024/07/01","PMC11213100","","10.1101/2024.06.12.24308871"
"33251082","Intelligent computing with Levenberg-Marquardt artificial neural networks for nonlinear system of COVID-19 epidemic model for future generation disease control","Cheema TN, Raja MAZ, Ahmad I, Naz S, Ilyas H, Shoaib M.","Eur Phys J Plus. 2020;135(11):932. doi: 10.1140/epjp/s13360-020-00910-x. Epub 2020 Nov 23.","Cheema TN","Eur Phys J Plus","2020","2020/11/30","PMC7682771","","10.1140/epjp/s13360-020-00910-x"
"27269393","Estimating the most efficient allocation of interventions to achieve reductions in Plasmodium falciparum malaria burden and transmission in Africa: a modelling study","Walker PG, Griffin JT, Ferguson NM, Ghani AC.","Lancet Glob Health. 2016 Jul;4(7):e474-84. doi: 10.1016/S2214-109X(16)30073-0. Epub 2016 Jun 3.","Walker PG","Lancet Glob Health","2016","2016/06/09","","","10.1016/S2214-109X(16)30073-0"
"31686626","Analysis of the SAITS alcoholism model on scale-free networks with demographic and nonlinear infectivity","Xiang H, Cui FF, Huo HF.","J Biol Dyn. 2019 Dec;13(1):621-638. doi: 10.1080/17513758.2019.1683629.","Xiang H","J Biol Dyn","2019","2019/11/06","","","10.1080/17513758.2019.1683629"
"7627626","Strategies for limiting the spread of HIV in developing countries: conclusions based on studies of the transmission dynamics of the virus","Garnett GP, Anderson RM.","J Acquir Immune Defic Syndr Hum Retrovirol. 1995 Aug 15;9(5):500-13.","Garnett GP","J Acquir Immune Defic Syndr Hum Retrovirol","1995","1995/08/15","","",""
"16214182","Persistence of viral infections on the population level explained by an immunoepidemiological model","Kostova T.","Math Biosci. 2007 Apr;206(2):309-19. doi: 10.1016/j.mbs.2005.08.003. Epub 2005 Oct 6.","Kostova T","Math Biosci","2007","2005/10/11","","","10.1016/j.mbs.2005.08.003"
"27461460","Dynamic models for estimating the effect of HAART on CD4 in observational studies: Application to the Aquitaine Cohort and the Swiss HIV Cohort Study","Prague M, Commenges D, Gran JM, Ledergerber B, Young J, Furrer H, Thiébaut R.","Biometrics. 2017 Mar;73(1):294-304. doi: 10.1111/biom.12564. Epub 2016 Jul 26.","Prague M","Biometrics","2017","2016/07/28","PMC5269533","NIHMS806270","10.1111/biom.12564"
"32255873","Effects of dynamic quarantine and nonlinear infection rate in a model for computer worms propagation","Pinto CMA.","AIP Conf Proc. 2015 Mar 10;1648(1):350003. doi: 10.1063/1.4912581.","Pinto CMA","AIP Conf Proc","2015","2020/04/08","PMC7108778","","10.1063/1.4912581"
"39559983","A tight fit of the SIR dynamic epidemic model to daily cases of COVID-19 reported during the 2021-2022 Omicron surge in New York City: A novel approach","Harris JE.","Stat Methods Med Res. 2024 Oct;33(10):1877-1898. doi: 10.1177/09622802241277956.","Harris JE","Stat Methods Med Res","2024","2024/11/19","PMC11577707","","10.1177/09622802241277956"
"32836812","Complete dimensional collapse in the continuum limit of a delayed SEIQR network model with separable distributed infectivity","Vyasarayani CP, Chatterjee A.","Nonlinear Dyn. 2020;101(3):1653-1665. doi: 10.1007/s11071-020-05785-2. Epub 2020 Jul 11.","Vyasarayani CP","Nonlinear Dyn","2020","2020/08/25","PMC7352098","","10.1007/s11071-020-05785-2"
"9661280","Stochastic effects in a model of nematode infection in ruminants","Marion G, Renshaw E, Gibson G.","IMA J Math Appl Med Biol. 1998 Jun;15(2):97-116.","Marion G","IMA J Math Appl Med Biol","1998","1998/07/14","","",""
"9572737","Chaos, persistence, and evolution of strain structure in antigenically diverse infectious agents","Gupta S, Ferguson N, Anderson R.","Science. 1998 May 8;280(5365):912-5. doi: 10.1126/science.280.5365.912.","Gupta S","Science","1998","1998/05/23","","","10.1126/science.280.5365.912"
"19835429","HIV/AIDS epidemic in India and predicting the impact of the national response: mathematical modeling and analysis","Rao AS, Thomas K, Sudhakar K, Maini PK.","Math Biosci Eng. 2009 Oct;6(4):779-813. doi: 10.3934/mbe.2009.6.779.","Rao AS","Math Biosci Eng","2009","2009/10/20","","","10.3934/mbe.2009.6.779"
"21379320","First principles modeling of nonlinear incidence rates in seasonal epidemics","Ponciano JM, Capistrán MA.","PLoS Comput Biol. 2011 Feb;7(2):e1001079. doi: 10.1371/journal.pcbi.1001079. Epub 2011 Feb 17.","Ponciano JM","PLoS Comput Biol","2011","2011/03/08","PMC3040644","","10.1371/journal.pcbi.1001079"
"15674292","Host immunity and synchronized epidemics of syphilis across the United States","Grassly NC, Fraser C, Garnett GP.","Nature. 2005 Jan 27;433(7024):417-21. doi: 10.1038/nature03072.","Grassly NC","Nature","2005","2005/01/28","","","10.1038/nature03072"
"18577388","A fully coupled, mechanistic model for infectious disease dynamics in a metapopulation: movement and epidemic duration","Jesse M, Ezanno P, Davis S, Heesterbeek JA.","J Theor Biol. 2008 Sep 21;254(2):331-8. doi: 10.1016/j.jtbi.2008.05.038. Epub 2008 Jun 4.","Jesse M","J Theor Biol","2008","2008/06/26","","","10.1016/j.jtbi.2008.05.038"
"31520107","Random fluctuations around a stable limit cycle in a stochastic system with parametric forcing","Mata MA, Tyson RC, Greenwood P.","J Math Biol. 2019 Dec;79(6-7):2133-2155. doi: 10.1007/s00285-019-01423-7. Epub 2019 Sep 13.","Mata MA","J Math Biol","2019","2019/09/15","","","10.1007/s00285-019-01423-7"
"21484849","Predictive assessment of a non-linear random effects model for multivariate time series of infectious disease counts","Paul M, Held L.","Stat Med. 2011 May 10;30(10):1118-36. doi: 10.1002/sim.4177. Epub 2011 Jan 17.","Paul M","Stat Med","2011","2011/04/13","","","10.1002/sim.4177"
"23292757","Capturing the time-varying drivers of an epidemic using stochastic dynamical systems","Dureau J, Kalogeropoulos K, Baguelin M.","Biostatistics. 2013 Jul;14(3):541-55. doi: 10.1093/biostatistics/kxs052. Epub 2013 Jan 4.","Dureau J","Biostatistics","2013","2013/01/08","","","10.1093/biostatistics/kxs052"
"30317933","Theoretical and numerical results for an age-structured SIVS model with a general nonlinear incidence rate","Yang J, Chen Y.","J Biol Dyn. 2018 Dec;12(1):789-816. doi: 10.1080/17513758.2018.1528393.","Yang J","J Biol Dyn","2018","2018/10/16","","","10.1080/17513758.2018.1528393"
"23906209","Mitigation of epidemics in contact networks through optimal contact adaptation","Youssef M, Scoglio C.","Math Biosci Eng. 2013 Aug;10(4):1227-51. doi: 10.3934/mbe.2013.10.1227.","Youssef M","Math Biosci Eng","2013","2013/08/03","PMC3857636","NIHMS527614","10.3934/mbe.2013.10.1227"
"32288075","Clustering model for transmission of the SARS virus: application to epidemic control and risk assessment","Small M, Tse CK.","Physica A. 2005 Jun 15;351(2):499-511. doi: 10.1016/j.physa.2005.01.009. Epub 2005 Jan 26.","Small M","Physica A","2005","2020/04/15","PMC7126158","","10.1016/j.physa.2005.01.009"
"22273051","Non-linear mixed models in the analysis of mediated longitudinal data with binary outcomes","Blood EA, Cheng DM.","BMC Med Res Methodol. 2012 Jan 24;12:5. doi: 10.1186/1471-2288-12-5.","Blood EA","BMC Med Res Methodol","2012","2012/01/26","PMC3353200","","10.1186/1471-2288-12-5"
"16721329","Number of sexual encounters involving intercourse and the transmission of sexually transmitted infections","Nordvik MK, Liljeros F.","Sex Transm Dis. 2006 Jun;33(6):342-9. doi: 10.1097/01.olq.0000194601.25488.b8.","Nordvik MK","Sex Transm Dis","2006","2006/05/25","","","10.1097/01.olq.0000194601.25488.b8"
"18517467","Epidemic dynamics on scale-free networks with piecewise linear infectivity and immunization","Fu X, Small M, Walker DM, Zhang H.","Phys Rev E Stat Nonlin Soft Matter Phys. 2008 Mar;77(3 Pt 2):036113. doi: 10.1103/PhysRevE.77.036113. Epub 2008 Mar 12.","Fu X","Phys Rev E Stat Nonlin Soft Matter Phys","2008","2008/06/04","","","10.1103/PhysRevE.77.036113"
"39333907","Analysis of Hybrid NAR-RBFs Networks for complex non-linear Covid-19 model with fractional operators","Ahmad A, Farman M, Sultan M, Ahmad H, Askar S.","BMC Infect Dis. 2024 Sep 27;24(1):1051. doi: 10.1186/s12879-024-09329-6.","Ahmad A","BMC Infect Dis","2024","2024/09/28","PMC11430756","","10.1186/s12879-024-09329-6"
"24035791","Disentangling the complexity of infectious diseases: Time is ripe to improve the first-line statistical toolbox for epidemiologists","Hanf M, Guégan JF, Ahmed I, Nacher M.","Infect Genet Evol. 2014 Jan;21:497-505. doi: 10.1016/j.meegid.2013.09.006. Epub 2013 Sep 13.","Hanf M","Infect Genet Evol","2014","2013/09/17","","","10.1016/j.meegid.2013.09.006"
"27447531","Epidemic Extinction and Control in Heterogeneous Networks","Hindes J, Schwartz IB.","Phys Rev Lett. 2016 Jul 8;117(2):028302. doi: 10.1103/PhysRevLett.117.028302. Epub 2016 Jul 6.","Hindes J","Phys Rev Lett","2016","2016/07/23","PMC7219436","","10.1103/PhysRevLett.117.028302"
"7606132","Diffusion epidemic models with incubation and crisscross dynamics","Fitzgibbon WE, Parrott ME, Webb GF.","Math Biosci. 1995 Jul-Aug;128(1-2):131-55. doi: 10.1016/0025-5564(94)00070-g.","Fitzgibbon WE","Math Biosci","1995","1995/07/01","","","10.1016/0025-5564(94)00070-g"
"15854675","The structural identifiability of the susceptible infected recovered model with seasonal forcing","Evans ND, White LJ, Chapman MJ, Godfrey KR, Chappell MJ.","Math Biosci. 2005 Apr;194(2):175-97. doi: 10.1016/j.mbs.2004.10.011.","Evans ND","Math Biosci","2005","2005/04/28","","","10.1016/j.mbs.2004.10.011"
"28249405","Collective effect of personal behavior induced preventive measures and differential rate of transmission on spread of epidemics","Sagar V, Zhao Y.","Chaos. 2017 Feb;27(2):023115. doi: 10.1063/1.4976953.","Sagar V","Chaos","2017","2017/03/03","","","10.1063/1.4976953"
"20590324","Inhomogeneity of epidemic spreading","Liu Z, Wang X, Wang M.","Chaos. 2010 Jun;20(2):023128. doi: 10.1063/1.3445630.","Liu Z","Chaos","2010","2010/07/02","PMC7117601","","10.1063/1.3445630"
"18835280","The role of sexually abstained groups in two-sex demographic and epidemic logistic models with non-linear mortality","Maxin D, Milner FA.","J Theor Biol. 2009 Jun 7;258(3):389-402. doi: 10.1016/j.jtbi.2008.08.027. Epub 2008 Sep 13.","Maxin D","J Theor Biol","2009","2008/10/07","","","10.1016/j.jtbi.2008.08.027"
"29448360","Enhancement of large fluctuations to extinction in adaptive networks","Hindes J, Schwartz IB, Shaw LB.","Phys Rev E. 2018 Jan;97(1-1):012308. doi: 10.1103/PhysRevE.97.012308.","Hindes J","Phys Rev E","2018","2018/02/17","","","10.1103/PhysRevE.97.012308"
"26382456","Impact of density-dependent migration flows on epidemic outbreaks in heterogeneous metapopulations","Ripoll J, Avinyó A, Pellicer M, Saldaña J.","Phys Rev E Stat Nonlin Soft Matter Phys. 2015 Aug;92(2):022809. doi: 10.1103/PhysRevE.92.022809. Epub 2015 Aug 12.","Ripoll J","Phys Rev E Stat Nonlin Soft Matter Phys","2015","2015/09/19","","","10.1103/PhysRevE.92.022809"
"17677321","Dynamics of epidemics on random networks","Marder M.","Phys Rev E Stat Nonlin Soft Matter Phys. 2007 Jun;75(6 Pt 2):066103. doi: 10.1103/PhysRevE.75.066103. Epub 2007 Jun 13.","Marder M","Phys Rev E Stat Nonlin Soft Matter Phys","2007","2007/08/07","","","10.1103/PhysRevE.75.066103"
"22225367","Variability of contact process in complex networks","Gong K, Tang M, Yang H, Shang M.","Chaos. 2011 Dec;21(4):043130. doi: 10.1063/1.3664403.","Gong K","Chaos","2011","2012/01/10","PMC7112449","","10.1063/1.3664403"
"29161825","The interplay between models and public health policies: Regional control for a class of spatially structured epidemics (think globally, act locally)","Capasso V, Aniţa S.","Math Biosci Eng. 2018 Feb 1;15(1):1-20. doi: 10.3934/mbe.2018001.","Capasso V","Math Biosci Eng","2018","2017/11/23","","","10.3934/mbe.2018001"
